"age","group","sex","raw"
3.0129,3.5,1,61
3.3101,3.5,2,55
3.1854,3.5,2,69
3.3305,3.5,2,47
3.8521,3.5,2,59
3.05,3.5,1,9
3.9519,3.5,2,73
3.8384,3.5,2,68
3.9852,3.5,2,46
3.8439,3.5,1,79
3.9327,3.5,2,97
3.782,3.5,1,67
3.9986,3.5,1,86
3.8521,3.5,2,82
3.7875,3.5,1,84
3.9081,3.5,1,93
3.5446,3.5,2,47
3.0911,3.5,1,62
3.5933,3.5,2,79
3.3113,3.5,2,39
3.5446,3.5,2,47
3.1486,3.5,1,7
3.907,3.5,2,67
3.7919,3.5,1,103
3.0856,3.5,1,13
3.5687,3.5,2,90
3.9081,3.5,2,15
3.7408,3.5,2,114
3.782,3.5,1,67
3.5769,3.5,1,74
3.9081,3.5,1,93
3.5083,3.5,1,84
3.4552,3.5,1,71
3.8384,3.5,2,68
3.6484,3.5,2,31
3.5264,3.5,2,54
3.4251,3.5,2,48
3.3911,3.5,1,81
3.6796,3.5,1,44
3.05,3.5,1,9
3.8452,3.5,1,79
3.907,3.5,2,67
3.9973,3.5,2,66
3.8521,3.5,2,82
3.3512,3.5,1,69
3.8439,3.5,1,79
3.9852,3.5,2,46
3.6231,3.5,1,96
3.9136,3.5,1,52
3.4525,3.5,1,47
3.3743,3.5,2,72
3.8384,3.5,2,39
3.9327,3.5,2,97
3.9524,3.5,1,65
3.3196,3.5,2,63
3.8439,3.5,1,79
3.3977,3.5,1,83
3.9791,3.5,1,76
3.3305,3.5,2,47
3.826,3.5,1,74
3.3129,3.5,2,82
3.826,3.5,1,74
3.0403,3.5,1,72
3.514,3.5,1,79
3.4607,3.5,2,58
3.9125,3.5,2,68
3.1951,3.5,1,49
3.5769,3.5,1,74
3.3305,3.5,2,47
3.3129,3.5,2,82
3.3977,3.5,1,72
3.2636,3.5,1,43
3.6933,3.5,2,68
3.782,3.5,1,67
3.136,3.5,1,68
3.5811,3.5,1,8
3.5264,3.5,2,54
3.6231,3.5,1,96
3.6484,3.5,2,31
3.3743,3.5,2,72
3.4319,3.5,1,93
3.9645,3.5,2,94
3.0528,3.5,1,64
3.9986,3.5,1,86
3.4388,3.5,1,79
3.9081,3.5,1,93
3.0787,3.5,1,79
3.689,3.5,1,53
3.782,3.5,1,67
3.6231,3.5,1,96
3.907,3.5,2,67
3.9791,3.5,1,76
3.8017,3.5,2,76
3.5345,3.5,2,71
3.6221,3.5,1,53
3.2362,3.5,2,72
3.6933,3.5,2,68
3.8384,3.5,2,68
3.5264,3.5,2,54
3.3512,3.5,1,69
3.4251,3.5,2,48
3.6617,3.5,1,82
3.8165,3.5,1,86
3.3911,3.5,1,81
3.5164,3.5,2,75
3.3101,3.5,2,55
3.6933,3.5,2,68
3.9081,3.5,2,15
3.1459,3.5,1,78
3.5469,3.5,1,91
3.6231,3.5,1,96
3.9081,3.5,1,93
3.1771,3.5,2,57
3.8477,3.5,2,95
3.1951,3.5,1,49
3.5469,3.5,1,91
3.0528,3.5,1,64
3.9327,3.5,2,97
3.0528,3.5,1,64
3.9081,3.5,1,93
3.136,3.5,1,68
3.1486,3.5,1,7
3.1854,3.5,2,69
3.907,3.5,2,67
3.0787,3.5,1,79
3.5838,3.5,2,51
3.2691,3.5,1,60
3.05,3.5,1,9
3.907,3.5,2,67
3.1771,3.5,2,57
3.9081,3.5,2,15
3.8138,3.5,1,75
3.05,3.5,1,9
3.477,3.5,1,57
3.826,3.5,1,74
3.1459,3.5,1,78
3.9986,3.5,1,86
3.3266,3.5,1,59
3.1951,3.5,1,49
3.9327,3.5,2,97
3.0528,3.5,1,64
3.0403,3.5,1,72
3.6231,3.5,1,96
3.9055,3.5,2,74
3.7919,3.5,1,103
3.136,3.5,1,68
3.5446,3.5,2,47
3.5345,3.5,2,71
3.6617,3.5,1,82
3.6617,3.5,1,82
3.6194,3.5,1,59
3.0129,3.5,1,61
3.7875,3.5,1,84
3.9645,3.5,2,94
3.7919,3.5,1,103
3.1825,3.5,2,81
3.9344,3.5,1,33
3.477,3.5,1,57
3.5164,3.5,2,75
3.4319,3.5,1,93
3.136,3.5,1,68
3.3101,3.5,2,55
3.5576,3.5,2,69
3.1224,3.5,1,83
3.0911,3.5,1,62
3.3305,3.5,2,47
3.9973,3.5,2,66
3.2691,3.5,1,60
3.7408,3.5,2,114
3.7408,3.5,2,114
3.5164,3.5,2,75
3.6221,3.5,1,53
3.5769,3.5,1,74
3.6933,3.5,2,68
3.2636,3.5,1,43
3.1854,3.5,2,69
3.5345,3.5,2,71
3.0107,3.5,1,38
3.9069,3.5,1,85
3.3266,3.5,1,59
3.4525,3.5,1,47
3.228,3.5,1,29
3.3743,3.5,2,72
3.689,3.5,1,53
3.0528,3.5,1,64
3.228,3.5,1,29
3.9852,3.5,2,46
3.5083,3.5,1,84
3.3512,3.5,1,69
3.4279,3.5,1,56
3.0839,3.5,1,72
3.9973,3.5,2,66
3.907,3.5,2,55
3.0911,3.5,1,62
3.2362,3.5,2,72
3.9081,3.5,1,93
3.9453,3.5,2,62
3.5687,3.5,2,90
3.8357,3.5,2,73
3.9519,3.5,2,73
3.3266,3.5,1,59
3.5083,3.5,1,84
3.5345,3.5,2,71
3.3361,3.5,1,95
3.0839,3.5,1,72
3.3305,3.5,2,47
3.4607,3.5,2,58
3.9986,3.5,1,86
3.1951,3.5,1,49
3.5437,3.5,2,66
3.9327,3.5,2,97
3.9125,3.5,2,68
3.4525,3.5,1,47
3.9081,3.5,2,15
3.5264,3.5,2,54
3.0403,3.5,1,72
3.3977,3.5,1,83
3.5576,3.5,2,69
3.6617,3.5,1,82
3.1951,3.5,1,49
3.9136,3.5,1,52
3.8384,3.5,2,39
3.9136,3.5,1,52
3.7408,3.5,2,114
3.707,3.5,1,99
3.5164,3.5,2,75
3.0839,3.5,1,72
3.9524,3.5,1,65
3.9081,3.5,2,15
3.2785,3.5,1,54
3.1825,3.5,2,81
3.228,3.5,1,29
3.5345,3.5,2,71
3.3113,3.5,2,39
3.5264,3.5,2,54
3.9645,3.5,2,94
3.3113,3.5,2,39
3.8138,3.5,1,75
3.4319,3.5,1,93
3.2691,3.5,1,60
3.826,3.5,1,74
3.2444,3.5,1,29
3.9797,3.5,1,61
3.477,3.5,1,57
3.6484,3.5,2,31
3.8477,3.5,2,95
3.0403,3.5,1,72
3.9986,3.5,1,86
3.7098,3.5,2,60
3.9125,3.5,2,68
3.5083,3.5,1,84
3.907,3.5,2,55
3.9524,3.5,1,65
3.9081,3.5,1,93
3.4319,3.5,1,93
3.2362,3.5,2,72
3.9055,3.5,2,74
3.2484,3.5,2,41
3.645,3.5,2,68
3.05,3.5,1,9
3.0911,3.5,1,62
3.8477,3.5,2,95
3.3305,3.5,2,47
3.0403,3.5,1,72
3.8138,3.5,1,75
3.9986,3.5,1,86
3.73,3.5,1,80
3.136,3.5,1,68
3.2362,3.5,2,72
3.4279,3.5,1,56
3.05,3.5,1,9
3.8452,3.5,1,79
3.9069,3.5,1,85
3.8521,3.5,2,59
3.1224,3.5,1,83
3.5838,3.5,2,51
3.1459,3.5,1,78
3.5687,3.5,2,90
3.8616,3.5,1,77
3.9973,3.5,2,66
3.2691,3.5,1,60
3.3743,3.5,2,72
3.0839,3.5,1,72
3.3911,3.5,1,81
3.9524,3.5,1,65
3.3129,3.5,2,82
3.0787,3.5,1,79
3.3977,3.5,1,83
3.6796,3.5,1,44
3.3911,3.5,1,81
3.2827,3.5,2,39
3.3977,3.5,1,83
3.9453,3.5,2,62
3.9791,3.5,1,76
3.5838,3.5,2,51
3.5264,3.5,2,54
3.8477,3.5,2,95
3.05,3.5,1,9
3.1459,3.5,1,78
3.5345,3.5,2,71
3.9645,3.5,2,94
3.5933,3.5,2,79
3.7875,3.5,1,84
3.5811,3.5,1,8
3.2444,3.5,1,29
3.689,3.5,1,53
3.4319,3.5,1,93
3.3266,3.5,1,59
3.3113,3.5,2,39
3.1486,3.5,1,7
3.5576,3.5,2,69
3.3196,3.5,2,63
3.2636,3.5,1,43
3.907,3.5,2,67
3.2362,3.5,2,72
3.4525,3.5,1,47
3.7399,3.5,1,71
3.6617,3.5,1,82
3.1771,3.5,2,57
3.3113,3.5,2,39
3.5769,3.5,1,74
3.4552,3.5,1,71
3.1459,3.5,1,78
3.645,3.5,2,68
3.6933,3.5,2,68
3.05,3.5,1,9
3.6484,3.5,2,31
3.05,3.5,1,9
3.9791,3.5,1,76
3.2484,3.5,2,41
3.228,3.5,1,29
3.3743,3.5,2,72
3.6617,3.5,1,82
3.5437,3.5,2,66
3.3361,3.5,1,95
3.4525,3.5,1,47
3.9055,3.5,2,74
3.8452,3.5,1,79
3.0403,3.5,1,72
3.7098,3.5,2,60
3.9524,3.5,1,65
3.9055,3.5,2,74
3.5729,3.5,2,86
3.8452,3.5,1,79
3.4251,3.5,2,48
3.0129,3.5,1,61
3.9081,3.5,2,15
3.3977,3.5,1,83
3.1771,3.5,2,57
3.8452,3.5,1,79
3.0856,3.5,1,13
3.4279,3.5,1,56
3.8017,3.5,2,76
3.3101,3.5,2,55
3.0856,3.5,1,13
3.514,3.5,1,79
3.347,3.5,2,53
3.4388,3.5,1,79
3.5933,3.5,2,79
3.8384,3.5,2,68
3.9069,3.5,1,85
3.5164,3.5,2,75
3.6933,3.5,2,68
3.73,3.5,1,80
3.907,3.5,2,55
3.9973,3.5,2,66
3.4251,3.5,2,48
3.6617,3.5,1,82
3.6194,3.5,1,59
3.4388,3.5,1,79
3.8384,3.5,2,68
3.6221,3.5,1,53
3.5469,3.5,1,91
3.3266,3.5,1,59
3.9327,3.5,2,97
3.5437,3.5,2,66
3.514,3.5,1,79
3.6484,3.5,2,31
3.8357,3.5,2,73
3.5437,3.5,2,66
3.3305,3.5,2,47
3.3113,3.5,2,39
3.9081,3.5,2,15
3.0787,3.5,1,79
3.1459,3.5,1,78
3.707,3.5,1,99
3.5769,3.5,1,74
3.0856,3.5,1,13
3.2444,3.5,1,29
3.3305,3.5,2,47
3.3266,3.5,1,59
3.8439,3.5,1,79
3.7875,3.5,1,84
3.3196,3.5,2,63
3.347,3.5,2,53
3.8521,3.5,2,59
3.5437,3.5,2,66
3.3977,3.5,1,72
3.6221,3.5,1,53
3.3266,3.5,1,59
4.1041,4.5,2,62
4.4588,4.5,1,121
4.2611,4.5,2,90
4.3451,4.5,2,84
4.9199,4.5,2,88
4.6489,4.5,1,77
4.3873,4.5,1,81
4.9336,4.5,2,99
4.9265,4.5,2,79
4.9199,4.5,2,88
4.3067,4.5,1,89
4.0807,4.5,2,100
4.3816,4.5,2,88
4.5065,4.5,2,117
4.3024,4.5,1,58
4.3052,4.5,1,84
4.7902,4.5,1,117
4.1604,4.5,1,92
4.1766,4.5,1,19
4.4038,4.5,1,60
4.2657,4.5,2,101
4.605,4.5,1,127
4.6187,4.5,2,113
4.037,4.5,2,80
4.0439,4.5,2,109
4.5404,4.5,2,126
4.3437,4.5,2,125
4.5301,4.5,1,112
4.9693,4.5,2,82
4.9474,4.5,1,49
4.5243,4.5,2,88
4.1604,4.5,1,92
4.3052,4.5,1,84
4.4491,4.5,1,40
4.1849,4.5,2,118
4.3012,4.5,2,74
4.4491,4.5,1,40
4.5612,4.5,1,92
4.4668,4.5,2,106
4.1507,4.5,2,83
4.1123,4.5,1,83
4.1962,4.5,1,47
4.1397,4.5,1,119
4.3451,4.5,2,72
4.3873,4.5,1,81
4.0807,4.5,2,100
4.605,4.5,1,127
4.605,4.5,1,127
4.9487,4.5,2,77
4.9374,4.5,2,94
4.6172,4.5,2,76
4.6489,4.5,1,77
4.5624,4.5,1,75
4.0585,4.5,2,83
4.1852,4.5,2,73
4.4984,4.5,2,95
4.3012,4.5,2,74
4.7979,4.5,2,81
4.8225,4.5,1,57
4.0177,4.5,2,76
4.5185,4.5,1,77
4.4474,4.5,1,129
4.3024,4.5,1,58
4.5324,4.5,2,84
4.0275,4.5,1,16
4.5301,4.5,1,112
4.5185,4.5,1,77
4.6009,4.5,2,127
4.0011,4.5,2,103
4.2202,4.5,1,113
4.6762,4.5,1,73
4.2503,4.5,1,127
4.1414,4.5,2,107
4.2476,4.5,1,111
4.9487,4.5,2,77
4.3341,4.5,1,71
4.1791,4.5,1,70
4.6762,4.5,1,73
4.553,4.5,2,110
4.7211,4.5,1,107
4.251,4.5,1,125
4.5849,4.5,2,83
4.4984,4.5,2,106
4.5284,4.5,2,95
4.1397,4.5,1,119
4.628,4.5,2,70
4.3067,4.5,1,89
4.6215,4.5,1,43
4.564,4.5,2,78
4.9228,4.5,2,74
4.189,4.5,2,71
4.0341,4.5,2,85
4.9929,4.5,2,105
4.9595,4.5,1,91
4.9325,4.5,1,105
4.0341,4.5,2,85
4.3707,4.5,2,129
4.5053,4.5,2,61
4.7902,4.5,1,117
4.6215,4.5,1,43
4.7376,4.5,1,74
4.4474,4.5,1,129
4.3012,4.5,2,74
4.501,4.5,2,64
4.2503,4.5,1,127
4.2724,4.5,1,129
4.1849,4.5,2,118
4.3012,4.5,2,74
4.6762,4.5,1,73
4.3478,4.5,1,50
4.9199,4.5,2,88
4.4338,4.5,2,79
4.5628,4.5,2,105
4.9228,4.5,2,74
4.3478,4.5,1,50
4.9447,4.5,2,67
4.3451,4.5,2,72
4.1436,4.5,1,75
4.5404,4.5,2,126
4.6215,4.5,1,43
4.5695,4.5,2,101
4.1397,4.5,1,119
4.8389,4.5,2,108
4.1397,4.5,1,119
4.1852,4.5,2,73
4.9595,4.5,1,91
4.5243,4.5,2,88
4.4474,4.5,1,129
4.1218,4.5,1,93
4.9336,4.5,2,99
4.9623,4.5,2,149
4.4668,4.5,2,106
4.0807,4.5,2,100
4.9325,4.5,1,105
4.783,4.5,2,70
4.9336,4.5,2,99
4.783,4.5,2,70
4.501,4.5,2,64
4.5628,4.5,2,105
4.1917,4.5,1,51
4.9325,4.5,1,105
4.6489,4.5,1,77
4.3024,4.5,1,58
4.628,4.5,2,70
4.1604,4.5,1,92
4.7979,4.5,2,81
4.5301,4.5,1,112
4.7902,4.5,1,117
4.0643,4.5,2,91
4.9595,4.5,1,91
4.3478,4.5,1,51
4.4038,4.5,1,60
4.628,4.5,2,70
4.784,4.5,2,77
4.9325,4.5,1,105
4.3012,4.5,2,74
4.3024,4.5,1,58
4.4338,4.5,2,79
4.0011,4.5,2,103
4.5284,4.5,2,95
4.037,4.5,2,80
4.9693,4.5,2,82
4.0511,4.5,1,94
4.6954,4.5,2,74
4.7211,4.5,1,107
4.4995,4.5,2,118
4.2355,4.5,2,76
4.1041,4.5,2,62
4.1436,4.5,1,75
4.7902,4.5,1,117
4.5324,4.5,2,84
4.0439,4.5,2,109
4.5301,4.5,1,112
4.6105,4.5,1,49
4.6009,4.5,2,127
4.9693,4.5,2,82
4.553,4.5,2,110
4.6105,4.5,1,49
4.5324,4.5,2,84
4.2723,4.5,2,133
4.5243,4.5,2,88
4.872,4.5,1,98
4.8389,4.5,2,108
4.2858,4.5,2,87
4.1808,4.5,2,90
4.9228,4.5,2,74
4.0643,4.5,2,75
4.9447,4.5,2,67
4.9349,4.5,1,121
4.8131,4.5,2,74
4.3451,4.5,2,72
4.7979,4.5,2,81
4.5301,4.5,1,112
4.251,4.5,1,125
4.0275,4.5,1,16
4.0643,4.5,2,75
4.6067,4.5,1,115
4.1954,4.5,2,122
4.5185,4.5,1,77
4.1999,4.5,2,64
4.9595,4.5,1,91
4.3478,4.5,1,51
4.1604,4.5,1,92
4.5301,4.5,1,112
4.6172,4.5,2,76
4.9447,4.5,2,67
4.9595,4.5,1,91
4.3451,4.5,2,72
4.4668,4.5,2,106
4.1041,4.5,2,62
4.2723,4.5,2,133
4.553,4.5,2,110
4.4837,4.5,2,86
4.605,4.5,1,127
4.5243,4.5,2,88
4.6172,4.5,2,76
4.1218,4.5,1,93
4.9788,4.5,2,127
4.5434,4.5,1,37
4.0511,4.5,1,94
4.2985,4.5,2,74
4.1791,4.5,1,70
4.1792,4.5,1,80
4.861,4.5,1,110
4.5849,4.5,2,83
4.3052,4.5,1,84
4.3943,4.5,2,50
4.1397,4.5,1,119
4.0177,4.5,2,76
4.2355,4.5,2,76
4.861,4.5,1,110
4.1436,4.5,1,75
4.1604,4.5,1,92
4.2967,4.5,1,97
4.1604,4.5,1,92
4.1849,4.5,2,118
4.408,4.5,2,56
4.9374,4.5,2,94
4.8225,4.5,1,57
4.3861,4.5,1,74
4.4984,4.5,2,95
4.9228,4.5,2,74
4.3409,4.5,2,84
4.9867,4.5,1,85
4.783,4.5,2,70
4.0341,4.5,2,85
4.9929,4.5,2,105
4.3052,4.5,1,84
4.1792,4.5,1,80
4.0807,4.5,2,100
4.9648,4.5,1,101
4.7376,4.5,1,74
4.7376,4.5,1,74
4.1808,4.5,2,90
4.9486,4.5,1,125
4.9595,4.5,1,91
4.7046,4.5,1,86
4.4491,4.5,1,40
4.501,4.5,2,64
4.9788,4.5,2,127
4.4668,4.5,2,106
4.2657,4.5,2,101
4.9748,4.5,1,75
4.4491,4.5,1,40
4.5185,4.5,1,77
4.6939,4.5,2,160
4.2723,4.5,2,133
4.251,4.5,1,125
4.178,4.5,1,108
4.9336,4.5,2,99
4.4995,4.5,2,118
4.9325,4.5,1,105
4.0177,4.5,2,76
4.9199,4.5,2,88
4.1288,4.5,2,113
4.5324,4.5,2,84
4.1397,4.5,1,119
4.1123,4.5,1,83
4.553,4.5,2,110
4.1917,4.5,1,51
4.1123,4.5,1,83
4.1123,4.5,1,83
4.9623,4.5,2,149
4.9474,4.5,1,49
4.3816,4.5,2,88
4.212,4.5,2,85
4.4837,4.5,2,86
4.5185,4.5,1,74
4.7902,4.5,1,117
4.605,4.5,1,127
4.6187,4.5,2,113
4.4491,4.5,1,40
4.9487,4.5,2,77
4.9595,4.5,1,91
4.5434,4.5,1,37
4.6187,4.5,2,113
4.4995,4.5,2,118
4.178,4.5,1,108
4.0011,4.5,2,103
4.1604,4.5,1,92
4.3478,4.5,1,51
4.6215,4.5,1,43
4.9265,4.5,2,79
4.1436,4.5,1,75
4.4666,4.5,1,123
4.9089,4.5,1,63
4.4474,4.5,1,129
4.1962,4.5,1,47
4.0643,4.5,2,75
4.5065,4.5,2,117
4.5628,4.5,2,105
4.5695,4.5,2,101
4.3478,4.5,1,51
4.9648,4.5,1,101
4.0011,4.5,2,103
4.2611,4.5,2,90
4.2657,4.5,2,101
4.1041,4.5,2,62
4.5434,4.5,1,37
4.9803,4.5,2,87
4.0511,4.5,1,94
4.8389,4.5,2,108
4.2723,4.5,2,133
4.3012,4.5,2,74
4.9595,4.5,1,91
4.2355,4.5,2,76
4.1507,4.5,2,83
4.9374,4.5,2,94
4.9803,4.5,1,80
4.6939,4.5,2,160
4.0177,4.5,2,76
4.1414,4.5,2,107
4.7902,4.5,1,117
4.2858,4.5,2,87
4.408,4.5,2,56
4.9803,4.5,1,80
4.8389,4.5,2,108
4.1852,4.5,2,73
4.0511,4.5,1,94
4.2858,4.5,2,87
4.2202,4.5,1,113
4.037,4.5,2,80
4.5849,4.5,2,83
4.7902,4.5,1,117
4.5185,4.5,1,77
4.0011,4.5,2,103
4.0585,4.5,2,83
4.8225,4.5,1,57
4.9391,4.5,1,126
4.4038,4.5,1,60
4.5284,4.5,2,95
4.9803,4.5,2,87
4.9474,4.5,1,49
4.1507,4.5,2,83
4.1999,4.5,2,64
4.2967,4.5,1,97
4.2967,4.5,1,97
4.3451,4.5,2,72
4.2503,4.5,1,127
4.4837,4.5,2,86
4.4338,4.5,2,79
4.3873,4.5,1,81
4.1791,4.5,1,70
4.784,4.5,2,77
4.8131,4.5,2,74
4.861,4.5,1,110
4.8131,4.5,2,74
4.0511,4.5,1,94
4.1288,4.5,2,113
4.7211,4.5,1,107
4.0275,4.5,1,16
4.783,4.5,2,70
4.9336,4.5,2,99
4.1218,4.5,1,93
4.9803,4.5,1,80
4.9788,4.5,2,127
4.9867,4.5,1,85
4.2476,4.5,1,111
4.2723,4.5,2,133
4.4995,4.5,2,118
4.6461,4.5,1,72
4.3052,4.5,1,84
4.9487,4.5,2,77
4.9803,4.5,2,87
4.4038,4.5,1,60
4.2724,4.5,1,129
4.5284,4.5,2,95
4.0511,4.5,1,94
4.178,4.5,1,108
4.1808,4.5,2,90
4.9595,4.5,1,91
4.5301,4.5,1,112
4.4474,4.5,1,129
4.3052,4.5,1,84
4.8225,4.5,1,57
4.1414,4.5,2,107
4.0807,4.5,2,100
4.4038,4.5,1,60
4.9474,4.5,1,49
4.3478,4.5,1,51
5.7095,5.5,1,139
5.915,5.5,2,125
5.5589,5.5,2,82
5.2112,5.5,1,119
5.1911,5.5,2,89
5.4566,5.5,1,99
5.6865,5.5,2,90
5.5661,5.5,2,88
5.8262,5.5,1,92
5.8905,5.5,2,139
5.6865,5.5,2,101
5.7699,5.5,2,142
5.6054,5.5,1,109
5.132,5.5,2,108
5.9942,5.5,1,115
5.6619,5.5,2,129
5.0651,5.5,2,66
5.9557,5.5,1,93
5.3618,5.5,1,140
5.4112,5.5,2,110
5.132,5.5,2,108
5.1363,5.5,1,77
5.1363,5.5,1,77
5.6619,5.5,2,129
5.184,5.5,2,93
5.7094,5.5,2,145
5.9786,5.5,2,113
5.7128,5.5,2,134
5.0241,5.5,2,116
5.3347,5.5,1,118
5.7315,5.5,1,125
5.1538,5.5,2,119
5.4265,5.5,2,118
5.2196,5.5,2,127
5.7945,5.5,2,91
5.7029,5.5,1,130
5.8765,5.5,1,127
5.8152,5.5,1,120
5.5386,5.5,1,133
5.6054,5.5,1,109
5.3619,5.5,1,134
5.718,5.5,1,152
5.8765,5.5,1,127
5.7094,5.5,2,145
5.4686,5.5,2,109
5.0529,5.5,1,92
5.2964,5.5,2,142
5.6865,5.5,2,90
5.8765,5.5,1,127
5.0723,5.5,2,100
5.9998,5.5,1,80
5.4238,5.5,2,107
5.258,5.5,2,63
5.1675,5.5,2,139
5.9942,5.5,1,115
5.2358,5.5,2,88
5.0723,5.5,2,100
5.5096,5.5,2,119
5.495,5.5,1,104
5.2112,5.5,1,119
5.0282,5.5,1,118
5.8463,5.5,1,102
5.4402,5.5,2,130
5.8408,5.5,2,138
5.6084,5.5,2,97
5.4265,5.5,2,118
5.9998,5.5,1,80
5.3919,5.5,2,134
5.9587,5.5,1,134
5.3044,5.5,1,115
5.3044,5.5,1,115
5.8152,5.5,1,120
5.8463,5.5,1,102
5.5797,5.5,2,87
5.8946,5.5,1,90
5.7343,5.5,2,132
5.7011,5.5,2,95
5.3866,5.5,2,104
5.4976,5.5,2,118
5.7943,5.5,1,128
5.9341,5.5,1,123
5.7259,5.5,1,119
5.9659,5.5,1,110
5.6619,5.5,2,129
5.8408,5.5,2,138
5.9577,5.5,2,131
5.6683,5.5,1,145
5.718,5.5,1,152
5.7699,5.5,2,142
5.7699,5.5,2,142
5.258,5.5,2,63
5.7343,5.5,2,132
5.4457,5.5,1,121
5.2358,5.5,2,88
5.5123,5.5,1,156
5.1103,5.5,2,102
5.2307,5.5,2,87
5.7699,5.5,2,142
5.184,5.5,2,93
5.9275,5.5,1,80
5.718,5.5,1,152
5.8986,5.5,2,89
5.5386,5.5,1,133
5.0282,5.5,1,118
5.7011,5.5,2,95
5.9942,5.5,1,115
5.7943,5.5,1,128
5.8408,5.5,2,138
5.4457,5.5,1,121
5.87,5.5,2,133
5.5616,5.5,1,139
5.5797,5.5,2,87
5.132,5.5,2,108
5.1103,5.5,2,102
5.5701,5.5,1,120
5.8111,5.5,1,152
5.4457,5.5,1,121
5.447,5.5,2,123
5.6683,5.5,1,145
5.9451,5.5,2,128
5.5701,5.5,1,120
5.718,5.5,1,152
5.9072,5.5,1,117
5.0888,5.5,2,86
5.8262,5.5,1,92
5.9942,5.5,1,115
5.132,5.5,2,108
5.2964,5.5,2,142
5.9341,5.5,1,123
5.242,5.5,1,137
5.4526,5.5,2,88
5.5589,5.5,2,82
5.863,5.5,2,83
5.611,5.5,1,122
5.8946,5.5,1,90
5.1336,5.5,1,115
5.5332,5.5,1,141
5.2196,5.5,2,127
5.0888,5.5,2,86
5.8262,5.5,1,92
5.9275,5.5,1,80
5.2577,5.5,1,82
5.242,5.5,1,137
5.4526,5.5,2,88
5.213,5.5,1,94
5.2498,5.5,1,124
5.87,5.5,2,133
5.5725,5.5,1,121
5.495,5.5,1,104
5.1185,5.5,1,132
5.9659,5.5,1,110
5.7699,5.5,2,142
5.7011,5.5,2,95
5.5096,5.5,2,119
5.1784,5.5,1,89
5.5551,5.5,1,112
5.2662,5.5,1,127
5.8111,5.5,1,152
5.5123,5.5,1,156
5.8481,5.5,1,92
5.1784,5.5,1,89
5.7945,5.5,2,91
5.1784,5.5,1,89
5.447,5.5,2,123
5.7029,5.5,1,130
5.8219,5.5,1,135
5.2964,5.5,2,142
5.7289,5.5,1,139
5.3618,5.5,1,140
5.8463,5.5,1,102
5.8463,5.5,1,102
5.8125,5.5,1,88
5.6619,5.5,2,129
5.1784,5.5,1,89
5.5332,5.5,1,141
5.2498,5.5,1,124
5.5725,5.5,1,121
5.8655,5.5,2,101
5.9072,5.5,1,117
5.8001,5.5,1,125
5.8111,5.5,1,152
5.1784,5.5,1,89
5.9696,5.5,2,84
5.9949,5.5,1,89
5.8262,5.5,1,92
5.9275,5.5,1,80
5.1185,5.5,1,132
5.3618,5.5,1,140
5.9998,5.5,1,80
5.3866,5.5,2,104
5.2498,5.5,1,124
5.1812,5.5,1,83
5.7094,5.5,2,145
5.7029,5.5,1,130
5.7289,5.5,1,139
5.8463,5.5,1,102
5.1185,5.5,1,132
5.5797,5.5,2,87
5.6683,5.5,1,145
5.8481,5.5,1,92
5.2577,5.5,1,82
5.7779,5.5,1,74
5.8219,5.5,1,135
5.7779,5.5,1,74
5.2634,5.5,2,134
5.242,5.5,1,137
5.4825,5.5,2,119
5.8682,5.5,2,123
5.7699,5.5,1,129
5.3866,5.5,2,104
5.6521,5.5,2,114
5.934,5.5,2,93
5.2139,5.5,2,117
5.1363,5.5,1,77
5.1812,5.5,1,83
5.102,5.5,2,78
5.3235,5.5,1,125
5.2112,5.5,1,119
5.7535,5.5,1,113
5.1348,5.5,2,137
5.8655,5.5,2,101
5.9341,5.5,1,123
5.7094,5.5,2,145
5.8986,5.5,2,89
5.1103,5.5,2,102
5.6084,5.5,2,97
5.8219,5.5,1,135
5.3919,5.5,2,134
5.4196,5.5,2,83
5.6876,5.5,1,133
5.2307,5.5,2,92
5.4526,5.5,2,88
5.2662,5.5,1,127
5.7289,5.5,1,139
5.8125,5.5,1,88
5.7535,5.5,1,113
5.1102,5.5,2,122
5.5562,5.5,2,77
5.7343,5.5,2,132
5.6193,5.5,1,128
5.4989,5.5,1,84
5.0723,5.5,2,100
5.9919,5.5,1,152
5.934,5.5,2,93
5.2307,5.5,2,87
5.359,5.5,1,103
5.9696,5.5,2,84
5.4932,5.5,1,117
5.8152,5.5,1,120
5.8481,5.5,1,92
5.3512,5.5,2,137
5.934,5.5,2,93
5.4457,5.5,1,121
5.7128,5.5,2,134
5.9577,5.5,2,131
5.2634,5.5,2,134
5.2523,5.5,2,94
5.9275,5.5,1,80
5.6054,5.5,1,109
5.8408,5.5,2,138
5.4238,5.5,2,107
5.5589,5.5,2,82
5.6876,5.5,1,133
5.9786,5.5,2,113
5.1103,5.5,2,102
5.1363,5.5,1,116
5.566,5.5,1,90
5.5661,5.5,2,88
5.4196,5.5,2,83
5.3731,5.5,2,91
5.9072,5.5,1,117
5.8262,5.5,1,92
5.4526,5.5,2,88
5.7094,5.5,2,145
5.611,5.5,1,122
5.9823,5.5,1,122
5.8111,5.5,1,152
5.8655,5.5,2,101
5.9998,5.5,1,80
5.9341,5.5,1,123
5.0723,5.5,2,100
5.718,5.5,1,152
5.1812,5.5,1,83
5.9659,5.5,1,110
5.7699,5.5,1,129
5.7289,5.5,1,139
5.6054,5.5,1,109
5.5699,5.5,1,160
5.5616,5.5,1,139
5.0888,5.5,2,86
5.6084,5.5,2,97
5.4825,5.5,2,119
5.1538,5.5,2,119
5.7084,5.5,2,90
5.6674,5.5,2,96
5.9696,5.5,2,84
5.9531,5.5,2,136
5.3922,5.5,1,134
5.7343,5.5,2,132
5.934,5.5,2,93
5.184,5.5,2,87
5.1538,5.5,2,119
5.8164,5.5,1,129
5.6574,5.5,1,76
5.3235,5.5,1,125
5.3618,5.5,1,140
5.4402,5.5,2,130
5.9769,5.5,2,111
5.9786,5.5,2,113
5.2577,5.5,1,82
5.9949,5.5,1,89
5.4686,5.5,2,109
5.8408,5.5,2,138
5.4402,5.5,2,130
5.4686,5.5,2,109
5.852,5.5,1,130
5.9341,5.5,2,157
5.1363,5.5,1,77
5.2358,5.5,2,88
5.2662,5.5,1,127
5.566,5.5,1,90
5.633,5.5,1,126
5.5332,5.5,1,141
5.1185,5.5,1,132
5.6521,5.5,2,114
5.1007,5.5,1,132
5.7095,5.5,1,139
5.8219,5.5,1,135
5.7084,5.5,2,90
5.9557,5.5,1,93
5.3225,5.5,1,90
5.8655,5.5,2,101
5.8946,5.5,1,90
5.4196,5.5,2,83
5.5562,5.5,2,77
5.7084,5.5,2,90
5.566,5.5,1,90
5.5589,5.5,2,82
5.184,5.5,2,93
5.8125,5.5,1,88
5.1102,5.5,2,122
5.5725,5.5,1,121
5.1007,5.5,1,132
5.9341,5.5,2,157
5.5551,5.5,1,112
5.6674,5.5,2,96
5.3811,5.5,2,118
5.6054,5.5,1,109
5.7289,5.5,1,139
5.447,5.5,2,123
5.6054,5.5,1,109
5.1675,5.5,2,139
5.7344,5.5,1,138
5.4583,5.5,2,113
5.2906,5.5,1,145
5.2139,5.5,2,117
5.9531,5.5,2,136
5.6618,5.5,2,146
5.184,5.5,2,87
5.7779,5.5,1,74
5.9072,5.5,1,117
5.6619,5.5,2,129
5.0888,5.5,2,86
5.2307,5.5,2,92
5.8765,5.5,1,127
5.0992,5.5,2,91
5.2086,5.5,1,115
5.102,5.5,2,78
5.6876,5.5,1,133
5.5797,5.5,2,114
5.1336,5.5,1,115
5.7249,5.5,2,92
5.3919,5.5,2,134
5.566,5.5,1,90
5.6683,5.5,1,145
5.1007,5.5,1,132
5.8125,5.5,1,88
5.4989,5.5,1,84
5.9587,5.5,1,134
5.2662,5.5,1,127
5.2358,5.5,2,88
5.4825,5.5,2,119
5.7343,5.5,2,132
5.8905,5.5,2,139
5.0282,5.5,1,118
5.4686,5.5,2,109
5.4976,5.5,2,118
5.9121,5.5,2,145
5.8682,5.5,2,123
5.0378,5.5,2,84
5.9949,5.5,1,89
5.0992,5.5,2,91
5.1675,5.5,2,139
5.5562,5.5,2,77
5.6876,5.5,1,133
5.8262,5.5,1,92
5.7699,5.5,2,142
5.3731,5.5,2,91
5.7699,5.5,2,142
5.8765,5.5,1,127
6.2272,6.5,1,73
6.8538,6.5,1,112
6.3258,6.5,1,136
6.5638,6.5,1,26
6.0097,6.5,2,112
6.5325,6.5,2,111
6.9827,6.5,2,141
6.0052,6.5,1,88
6.8886,6.5,1,92
6.9908,6.5,1,134
6.3201,6.5,2,92
6.2589,6.5,1,108
6.2243,6.5,1,37
6.4133,6.5,2,92
6.4624,6.5,2,105
6.4545,6.5,2,117
6.1887,6.5,1,133
6.0191,6.5,2,119
6.8841,6.5,2,118
6.6241,6.5,1,136
6.7663,6.5,1,134
6.9087,6.5,2,156
6.4159,6.5,1,114
6.5636,6.5,2,72
6.9583,6.5,1,129
6.5873,6.5,2,119
6.725,6.5,1,152
6.3164,6.5,2,91
6.2287,6.5,1,78
6.5527,6.5,2,131
6.8155,6.5,2,126
6.9309,6.5,2,109
6.9555,6.5,2,139
6.9143,6.5,1,121
6.5886,6.5,2,120
6.0042,6.5,1,141
6.8101,6.5,2,94
6.9543,6.5,1,97
6.8786,6.5,1,92
6.2698,6.5,2,92
6.4971,6.5,2,126
6.7089,6.5,1,165
6.0097,6.5,2,112
6.4296,6.5,2,118
6.4584,6.5,2,89
6.8185,6.5,2,132
6.0864,6.5,2,123
6.6515,6.5,1,135
6.5389,6.5,2,120
6.8512,6.5,1,152
6.7351,6.5,1,83
6.9501,6.5,2,119
6.4765,6.5,2,173
6.6131,6.5,1,108
6.8265,6.5,2,131
6.6486,6.5,2,109
6.8708,6.5,1,131
6.4159,6.5,1,114
6.8789,6.5,1,149
6.7717,6.5,1,122
6.6101,6.5,1,133
6.5063,6.5,1,143
6.9197,6.5,1,97
6.0192,6.5,1,134
6.9143,6.5,1,121
6.8348,6.5,1,108
6.6981,6.5,1,135
6.9309,6.5,2,109
6.6311,6.5,2,138
6.9844,6.5,1,118
6.1165,6.5,1,149
6.3258,6.5,1,136
6.0809,6.5,2,71
6.9874,6.5,1,45
6.3478,6.5,1,115
6.9553,6.5,2,144
6.9242,6.5,1,121
6.5883,6.5,2,134
6.6979,6.5,1,152
6.2917,6.5,2,97
6.0946,6.5,1,129
6.98,6.5,2,154
6.3173,6.5,1,142
6.4241,6.5,1,126
6.0891,6.5,2,105
6.9526,6.5,1,170
6.7653,6.5,2,93
6.5827,6.5,1,111
6.4351,6.5,1,149
6.4231,6.5,1,121
6.4296,6.5,2,118
6.2108,6.5,2,88
6.7965,6.5,1,144
6.1479,6.5,2,114
6.8155,6.5,2,126
6.7336,6.5,2,150
6.4351,6.5,1,149
6.5389,6.5,2,120
6.0192,6.5,1,134
6.4545,6.5,2,117
6.5527,6.5,2,131
6.9543,6.5,1,143
6.8979,6.5,1,118
6.5856,6.5,2,94
6.6049,6.5,2,114
6.7691,6.5,1,129
6.4215,6.5,1,139
6.3424,6.5,1,148
6.9829,6.5,1,115
6.3173,6.5,1,142
6.2214,6.5,1,102
6.8666,6.5,1,145
6.3615,6.5,1,93
6.3365,6.5,1,141
6.3505,6.5,1,153
6.5856,6.5,2,94
6.95,6.5,2,140
6.6625,6.5,1,134
6.7556,6.5,2,151
6.5707,6.5,2,135
6.2927,6.5,1,137
6.4023,6.5,1,95
6.8403,6.5,2,145
6.0864,6.5,2,123
6.9115,6.5,1,148
6.9226,6.5,1,142
6.0192,6.5,1,134
6.7436,6.5,2,115
6.1068,6.5,1,133
6.5062,6.5,1,124
6.3164,6.5,2,91
6.5335,6.5,2,117
6.145,6.5,2,158
6.8348,6.5,1,108
6.3173,6.5,1,142
6.1668,6.5,2,139
6.4615,6.5,2,117
6.8886,6.5,1,92
6.6979,6.5,1,152
6.8538,6.5,1,145
6.1532,6.5,1,115
6.6941,6.5,1,51
6.8596,6.5,1,136
6.7717,6.5,1,122
6.6704,6.5,1,121
6.8128,6.5,1,143
6.2546,6.5,2,125
6.8294,6.5,1,153
6.6104,6.5,2,148
6.3478,6.5,1,125
6.4584,6.5,2,89
6.95,6.5,2,140
6.8622,6.5,1,178
6.6104,6.5,2,148
6.7116,6.5,2,125
6.4598,6.5,1,157
6.6941,6.5,1,51
6.3723,6.5,2,155
6.3136,6.5,1,46
6.2765,6.5,1,115
6.0794,6.5,1,86
6.5174,6.5,1,134
6.6457,6.5,1,135
6.5856,6.5,2,94
6.854,6.5,1,153
6.5335,6.5,2,117
6.0603,6.5,1,112
6.5362,6.5,1,143
6.8979,6.5,1,118
6.9774,6.5,2,163
6.0864,6.5,2,123
6.3201,6.5,2,92
6.8101,6.5,2,94
6.758,6.5,2,134
6.1615,6.5,2,99
6.6379,6.5,1,132
6.0191,6.5,2,119
6.5883,6.5,2,141
6.4215,6.5,1,139
6.6239,6.5,1,165
6.5063,6.5,1,143
6.3723,6.5,2,155
6.8789,6.5,1,149
6.1614,6.5,1,48
6.9488,6.5,2,129
6.0601,6.5,1,138
6.1312,6.5,2,113
6.8268,6.5,1,153
6.9718,6.5,2,163
6.2927,6.5,1,137
6.2698,6.5,2,92
6.7336,6.5,2,150
6.5775,6.5,2,142
6.8268,6.5,1,153
6.5391,6.5,2,140
6.0135,6.5,2,142
6.3505,6.5,2,106
6.5337,6.5,2,142
6.2515,6.5,2,131
6.9089,6.5,1,176
6.6421,6.5,2,91
6.0028,6.5,1,82
6.2765,6.5,1,115
6.5556,6.5,2,133
6.1065,6.5,1,139
6.3858,6.5,2,87
6.646,6.5,1,159
6.8789,6.5,1,149
6.8348,6.5,1,108
6.0873,6.5,2,123
6.9802,6.5,2,113
6.0192,6.5,1,134
6.98,6.5,2,154
6.8101,6.5,2,94
6.9689,6.5,2,130
6.0192,6.5,1,134
6.7351,6.5,1,83
6.8268,6.5,1,153
6.98,6.5,2,154
6.8403,6.5,1,166
6.9242,6.5,1,121
6.9488,6.5,2,129
6.4765,6.5,2,94
6.9242,6.5,1,121
6.6048,6.5,2,141
6.9173,6.5,1,170
6.7446,6.5,2,131
6.2077,6.5,1,88
6.664,6.5,2,141
6.6379,6.5,1,132
6.7279,6.5,1,93
6.5556,6.5,2,133
6.3041,6.5,2,130
6.4023,6.5,1,95
6.8705,6.5,2,171
6.5556,6.5,1,163
6.9991,6.5,2,142
6.8128,6.5,1,143
6.8886,6.5,1,92
6.5325,6.5,2,111
6.757,6.5,2,136
6.5886,6.5,2,120
6.6596,6.5,2,122
6.6486,6.5,2,109
6.5775,6.5,2,142
6.6486,6.5,2,109
6.8239,6.5,2,177
6.1479,6.5,2,114
6.1312,6.5,2,113
6.2272,6.5,1,73
6.4133,6.5,2,92
6.6953,6.5,2,131
6.5062,6.5,1,124
6.602,6.5,2,129
6.873,6.5,1,145
6.7965,6.5,1,144
6.2272,6.5,1,73
6.9665,6.5,1,149
6.6612,6.5,2,112
6.6104,6.5,2,148
6.0782,6.5,2,122
6.6941,6.5,1,51
6.9442,6.5,1,121
6.9908,6.5,1,134
6.9991,6.5,2,142
6.5719,6.5,1,130
6.3505,6.5,2,106
6.1685,6.5,2,119
6.7556,6.5,2,151
6.5827,6.5,1,111
6.4545,6.5,2,117
6.8456,6.5,1,130
6.8678,6.5,2,154
6.5362,6.5,1,143
6.1479,6.5,2,114
6.6048,6.5,1,91
6.4971,6.5,2,126
6.6953,6.5,2,131
6.6421,6.5,2,91
6.8512,6.5,1,152
6.2589,6.5,1,108
6.6311,6.5,2,138
6.698,6.5,2,124
6.7692,6.5,2,152
6.9488,6.5,2,129
6.7436,6.5,2,115
6.5062,6.5,1,124
6.9226,6.5,1,142
6.2684,6.5,2,111
6.4615,6.5,2,117
6.9827,6.5,2,141
6.3505,6.5,1,153
6.3519,6.5,1,125
6.6311,6.5,2,138
6.7663,6.5,1,134
6.758,6.5,2,134
6.1203,6.5,2,135
6.0245,6.5,2,75
6.8596,6.5,1,136
6.9827,6.5,2,144
6.7663,6.5,1,134
6.301,6.5,1,136
6.1614,6.5,1,48
6.2793,6.5,1,133
6.8403,6.5,2,145
6.8512,6.5,1,152
6.9516,6.5,1,149
6.304,6.5,2,119
6.8512,6.5,1,152
6.5638,6.5,1,26
6.1668,6.5,2,139
6.7116,6.5,2,125
6.3164,6.5,2,91
6.8101,6.5,2,94
6.9543,6.5,1,97
6.0042,6.5,1,141
6.1339,6.5,1,146
6.2544,6.5,1,112
6.9488,6.5,2,129
6.3505,6.5,2,106
6.9844,6.5,1,118
6.9802,6.5,2,107
6.3505,6.5,1,153
6.8979,6.5,1,118
6.3424,6.5,1,148
6.5062,6.5,1,124
6.3912,6.5,2,96
6.1914,6.5,1,93
6.6704,6.5,1,121
6.7717,6.5,1,122
6.4624,6.5,2,105
6.8841,6.5,2,118
6.5719,6.5,1,130
6.2544,6.5,1,112
6.2927,6.5,1,137
6.1039,6.5,2,117
6.4545,6.5,2,117
6.1312,6.5,2,113
6.1093,6.5,2,127
6.8705,6.5,2,171
6.5337,6.5,2,142
6.2054,6.5,2,129
6.0052,6.5,1,84
6.0382,6.5,2,129
6.3912,6.5,2,96
6.6241,6.5,1,136
6.4215,6.5,1,139
6.1615,6.5,2,99
6.4159,6.5,1,114
6.5751,6.5,1,160
6.9242,6.5,1,121
6.8789,6.5,1,149
6.6077,6.5,1,138
6.2342,6.5,1,80
6.8886,6.5,1,92
6.0052,6.5,1,84
6.5052,6.5,2,173
6.6703,6.5,2,111
6.4405,6.5,2,119
6.3478,6.5,1,115
6.3831,6.5,1,40
6.8786,6.5,1,92
6.698,6.5,2,124
6.9802,6.5,2,113
6.4022,6.5,2,89
6.6239,6.5,2,81
6.2397,6.5,1,101
6.501,6.5,2,107
6.698,6.5,2,124
6.6941,6.5,1,51
6.4241,6.5,1,126
6.1093,6.5,2,127
6.5856,6.5,2,94
6.5174,6.5,1,134
6.9488,6.5,2,129
6.4022,6.5,2,89
6.602,6.5,2,129
6.9802,6.5,2,107
6.6868,6.5,1,110
6.9583,6.5,1,129
6.9197,6.5,1,97
6.9112,6.5,1,161
6.5883,6.5,2,134
6.3365,6.5,1,141
6.3547,6.5,2,149
6.1503,6.5,2,131
6.8265,6.5,2,131
6.9553,6.5,2,144
6.0382,6.5,2,129
6.8512,6.5,1,152
6.8294,6.5,1,153
6.4132,6.5,1,137
6.3505,6.5,2,106
6.7446,6.5,2,131
6.6886,6.5,2,159
6.646,6.5,1,159
6.6996,6.5,1,69
6.4132,6.5,1,137
6.367,6.5,2,121
6.5883,6.5,2,134
7.963,7.5,1,189
7.4292,7.5,2,141
7.6563,7.5,1,158
7.9162,7.5,1,147
7.4237,7.5,1,169
7.2583,7.5,1,132
7.7984,7.5,1,162
7.1225,7.5,2,122
7.473,7.5,1,158
7.5057,7.5,1,159
7.5182,7.5,2,137
7.0841,7.5,2,141
7.4292,7.5,2,141
7.6918,7.5,1,171
7.785,7.5,2,136
7.5193,7.5,1,119
7.4648,7.5,2,163
7.5193,7.5,1,119
7.8659,7.5,2,168
7.3389,7.5,1,95
7.4127,7.5,2,140
7.6124,7.5,1,138
7.604,7.5,1,141
7.2537,7.5,1,127
7.5112,7.5,1,119
7.02,7.5,2,133
7.0568,7.5,2,137
7.1745,7.5,2,123
7.3788,7.5,1,112
7.5195,7.5,2,133
7.9794,7.5,1,161
7.1936,7.5,1,109
7.4262,7.5,1,152
7.7372,7.5,1,186
7.8672,7.5,2,159
7.4729,7.5,1,146
7.1113,7.5,2,151
7.0459,7.5,1,119
7.3335,7.5,1,168
7.3413,7.5,2,142
7.429,7.5,2,136
7.4648,7.5,2,163
7.1524,7.5,1,122
7.0979,7.5,2,160
7.9153,7.5,1,133
7.6675,7.5,1,140
7.6316,7.5,1,162
7.3249,7.5,1,146
7.2921,7.5,1,144
7.3524,7.5,2,147
7.0651,7.5,1,163
7.2755,7.5,2,113
7.0212,7.5,2,133
7.4757,7.5,1,175
7.3358,7.5,1,127
7.9218,7.5,2,172
7.3851,7.5,1,152
7.1224,7.5,2,151
7.4728,7.5,2,128
7.3414,7.5,2,133
7.9317,7.5,2,137
7.5112,7.5,1,119
7.1965,7.5,2,90
7.9906,7.5,2,172
7.6701,7.5,2,175
7.429,7.5,2,136
7.3194,7.5,2,157
7.0676,7.5,1,125
7.136,7.5,1,136
7.785,7.5,2,136
7.2675,7.5,1,92
7.914,7.5,1,158
7.6318,7.5,2,139
7.4293,7.5,2,168
7.9082,7.5,2,128
7.3113,7.5,1,112
7.4595,7.5,1,138
7.0008,7.5,1,124
7.6835,7.5,1,176
7.1706,7.5,1,160
7.785,7.5,2,136
7.0045,7.5,1,135
7.0292,7.5,2,162
7.9427,7.5,1,121
7.5195,7.5,2,133
7.0212,7.5,2,133
7.0912,7.5,2,150
7.3112,7.5,1,162
7.7901,7.5,2,162
7.7865,7.5,1,147
7.251,7.5,2,98
7.4235,7.5,1,121
7.3358,7.5,1,127
7.5385,7.5,2,85
7.73,7.5,1,131
7.0459,7.5,1,119
7.8974,7.5,1,141
7.7765,7.5,2,150
7.5717,7.5,1,140
7.5876,7.5,2,95
7.73,7.5,1,91
7.1906,7.5,1,84
7.7372,7.5,1,186
7.5385,7.5,2,85
7.9317,7.5,2,137
7.2921,7.5,1,144
7.1524,7.5,1,122
7.2841,7.5,2,150
7.2756,7.5,1,113
7.6235,7.5,2,162
7.1952,7.5,2,139
7.3335,7.5,1,168
7.3551,7.5,1,171
7.1195,7.5,2,131
7.6642,7.5,1,188
7.2019,7.5,2,133
7.8422,7.5,2,167
7.1952,7.5,2,139
7.1282,7.5,1,139
7.9162,7.5,1,147
7.3112,7.5,1,162
7.3469,7.5,1,137
7.2755,7.5,2,113
7.3879,7.5,1,114
7.73,7.5,1,131
7.3524,7.5,2,147
7.8095,7.5,1,137
7.5113,7.5,2,142
7.4728,7.5,2,128
7.2692,7.5,1,152
7.5004,7.5,2,116
7.3333,7.5,1,149
7.2404,7.5,1,122
7.2775,7.5,1,135
7.8756,7.5,2,188
7.0184,7.5,1,135
7.2404,7.5,1,122
7.9766,7.5,2,138
7.7603,7.5,1,150
7.1688,7.5,2,141
7.6918,7.5,1,171
7.0652,7.5,2,106
7.4346,7.5,2,90
7.1963,7.5,1,128
7.429,7.5,2,136
7.1378,7.5,2,155
7.136,7.5,1,136
7.2811,7.5,1,139
7.3389,7.5,1,95
7.5247,7.5,2,144
7.0459,7.5,1,119
7.6563,7.5,1,158
7.4319,7.5,2,180
7.3295,7.5,1,151
7.7989,7.5,1,147
7.5304,7.5,2,171
7.4644,7.5,1,146
7.3032,7.5,1,168
7.4294,7.5,2,172
7.1801,7.5,2,143
7.3333,7.5,1,149
7.4648,7.5,2,163
7.7027,7.5,2,175
7.4648,7.5,2,163
7.9957,7.5,1,153
7.9272,7.5,2,147
7.971,7.5,1,128
7.4593,7.5,1,132
7.7794,7.5,1,178
7.6316,7.5,1,162
7.4733,7.5,2,146
7.0125,7.5,2,124
7.618,7.5,1,175
7.9327,7.5,2,147
7.2675,7.5,2,128
7.7247,7.5,1,150
7.5193,7.5,1,119
7.5441,7.5,1,112
7.4292,7.5,2,141
7.2923,7.5,2,155
7.02,7.5,2,133
7.7304,7.5,1,135
7.3987,7.5,1,140
7.5057,7.5,1,159
7.5894,7.5,2,151
7.4346,7.5,2,90
7.043,7.5,2,144
7.198,7.5,1,140
7.7493,7.5,1,164
7.1965,7.5,2,90
7.9766,7.5,2,138
7.5276,7.5,1,171
7.5193,7.5,1,119
7.9932,7.5,1,128
7.1634,7.5,2,148
7.2403,7.5,2,93
7.9026,7.5,1,187
7.7247,7.5,1,150
7.0539,7.5,1,156
7.963,7.5,1,189
7.0651,7.5,1,119
7.0482,7.5,1,143
7.7245,7.5,2,148
7.02,7.5,2,133
7.5086,7.5,1,151
7.2404,7.5,1,122
7.5182,7.5,2,137
7.2921,7.5,1,144
7.2921,7.5,1,144
7.8724,7.5,2,115
7.0045,7.5,1,135
7.031,7.5,1,133
7.7372,7.5,1,186
7.5769,7.5,2,121
7.5138,7.5,1,156
7.4757,7.5,1,175
7.3523,7.5,2,133
7.6563,7.5,1,158
7.0075,7.5,1,127
7.9327,7.5,2,147
7.9932,7.5,1,128
7.0568,7.5,2,137
7.9303,7.5,2,146
7.3333,7.5,1,149
7.0239,7.5,1,142
7.0158,7.5,1,156
7.0239,7.5,1,142
7.3047,7.5,2,104
7.2921,7.5,1,144
7.0409,7.5,2,112
7.3111,7.5,1,72
7.0045,7.5,1,170
7.2692,7.5,1,152
7.2675,7.5,2,128
7.5796,7.5,2,119
7.092,7.5,1,157
7.9328,7.5,1,150
7.1745,7.5,2,123
7.0979,7.5,2,160
7.1964,7.5,1,150
7.2923,7.5,2,155
7.2583,7.5,1,132
7.4237,7.5,1,173
7.5496,7.5,2,142
7.313,7.5,2,107
7.7002,7.5,1,114
7.9438,7.5,1,142
7.0676,7.5,1,125
7.7865,7.5,1,147
7.3249,7.5,1,146
7.7357,7.5,2,131
7.9713,7.5,2,155
7.313,7.5,2,107
7.5211,7.5,2,117
7.1225,7.5,2,122
7.8098,7.5,2,177
7.604,7.5,1,141
7.2975,7.5,2,142
7.544,7.5,1,138
7.9713,7.5,2,155
7.2511,7.5,2,127
7.9162,7.5,1,147
7.198,7.5,1,140
7.4729,7.5,1,146
7.3276,7.5,2,134
7.7576,7.5,2,152
7.4346,7.5,2,90
7.1688,7.5,2,141
7.5469,7.5,1,147
7.1873,7.5,1,132
7.3169,7.5,1,121
7.9317,7.5,2,137
7.6124,7.5,1,138
7.9876,7.5,1,167
7.4754,7.5,2,120
7.0732,7.5,2,136
7.5356,7.5,2,137
7.3113,7.5,1,112
7.0074,7.5,2,87
7.2839,7.5,2,163
7.5112,7.5,1,119
7.9847,7.5,1,185
7.095,7.5,1,148
7.1906,7.5,1,84
7.4836,7.5,2,107
7.5211,7.5,2,117
7.5358,7.5,1,154
7.2238,7.5,2,158
7.0125,7.5,2,124
7.0704,7.5,1,122
7.4237,7.5,1,169
7.8864,7.5,1,165
7.2664,7.5,2,157
7.1634,7.5,2,148
7.1225,7.5,2,122
7.043,7.5,2,144
7.0539,7.5,1,156
7.4644,7.5,1,146
7.73,7.5,1,131
7.4262,7.5,1,152
7.8864,7.5,1,165
7.1688,7.5,2,141
7.3032,7.5,2,180
7.9521,7.5,2,139
7.1333,7.5,1,159
7.2692,7.5,1,152
7.3087,7.5,2,124
7.3882,7.5,1,141
7.0158,7.5,1,156
7.1224,7.5,2,151
7.9272,7.5,1,143
7.9673,7.5,1,187
7.1952,7.5,2,139
7.4951,7.5,1,177
7.5304,7.5,2,123
7.5796,7.5,2,119
7.5797,7.5,1,145
7.0045,7.5,1,170
7.4115,7.5,1,113
7.5851,7.5,2,149
7.2156,7.5,2,134
7.0292,7.5,1,136
7.7372,7.5,2,147
7.3469,7.5,1,137
7.4115,7.5,1,113
7.0841,7.5,2,141
7.2674,7.5,1,137
7.5356,7.5,2,137
7.3249,7.5,1,151
7.2512,7.5,2,174
7.9673,7.5,1,187
7.3194,7.5,2,157
7.1965,7.5,2,90
7.889,7.5,2,151
7.3469,7.5,1,137
7.031,7.5,1,133
7.5085,7.5,1,140
7.3249,7.5,1,146
7.1853,7.5,1,126
7.0292,7.5,1,136
7.7245,7.5,2,148
7.8945,7.5,2,128
7.73,7.5,1,91
7.3169,7.5,1,121
7.2537,7.5,1,127
7.4728,7.5,2,128
7.4593,7.5,1,132
7.0239,7.5,1,142
7.0651,7.5,1,163
7.198,7.5,1,140
7.9854,7.5,1,112
7.4293,7.5,2,168
7.2156,7.5,1,151
7.1524,7.5,1,141
7.135,7.5,1,126
7.6235,7.5,2,162
7.8367,7.5,1,151
7.1445,7.5,1,158
7.1688,7.5,2,141
7.4237,7.5,1,169
7.8944,7.5,2,98
7.618,7.5,1,175
7.313,7.5,2,107
7.3431,7.5,2,135
7.4319,7.5,2,180
7.5211,7.5,2,117
7.7901,7.5,2,162
7.7877,7.5,1,146
7.2089,7.5,1,154
7.9906,7.5,2,172
7.2511,7.5,2,127
7.7191,7.5,1,149
7.9299,7.5,2,148
7.3004,7.5,2,143
7.5796,7.5,2,119
7.0539,7.5,1,156
7.6124,7.5,1,138
7.1225,7.5,2,122
7.3524,7.5,2,147
7.9876,7.5,1,167
7.0841,7.5,2,141
7.1299,7.5,1,136
7.2911,7.5,2,140
7.9876,7.5,1,167
7.3196,7.5,1,153
7.1853,7.5,1,126
7.9906,7.5,2,172
7.5495,7.5,1,149
7.9794,7.5,1,161
7.5057,7.5,1,159
7.6316,7.5,1,162
7.1899,7.5,1,156
7.2775,7.5,1,135
7.3714,7.5,2,143
7.3935,7.5,2,125
7.1524,7.5,1,122
7.0075,7.5,1,127
7.8724,7.5,2,115
7.3879,7.5,1,114
7.1607,7.5,2,132
8.2175,8.5,1,147
8.0505,8.5,1,172
8.6367,8.5,2,186
8.9758,8.5,2,153
8.3079,8.5,1,171
8.0971,8.5,2,126
8.0943,8.5,1,147
8.6801,8.5,2,164
8.85,8.5,2,170
8.2998,8.5,1,158
8.6421,8.5,1,178
8.68,8.5,2,106
8.3713,8.5,1,167
8.6964,8.5,2,125
8.2529,8.5,2,130
8.3053,8.5,1,170
8.7846,8.5,2,164
8.9158,8.5,1,168
8.9051,8.5,1,152
8.7569,8.5,2,191
8.4363,8.5,2,96
8.4996,8.5,1,162
8.4191,8.5,2,144
8.7649,8.5,1,184
8.1986,8.5,1,169
8.3494,8.5,1,156
8.1025,8.5,2,167
8.2423,8.5,1,118
8.1818,8.5,1,173
8.8006,8.5,2,143
8.6773,8.5,1,148
8.7568,8.5,1,152
8.6613,8.5,2,166
8.6065,8.5,2,165
8.6938,8.5,1,161
8.0942,8.5,2,120
8.3534,8.5,2,158
8.5079,8.5,2,157
8.4939,8.5,2,154
8.8994,8.5,1,149
8.4039,8.5,2,151
8.0011,8.5,2,178
8.0013,8.5,2,174
8.6144,8.5,1,176
8.8545,8.5,1,122
8.4804,8.5,1,132
8.1709,8.5,1,139
8.2945,8.5,1,155
8.6964,8.5,2,125
8.0011,8.5,2,178
8.7926,8.5,2,151
8.5514,8.5,1,163
8.6517,8.5,1,142
8.2945,8.5,1,165
8.6092,8.5,2,163
8.8008,8.5,2,173
8.9201,8.5,1,132
8.9952,8.5,1,184
8.2614,8.5,2,172
8.7514,8.5,2,154
8.338,8.5,2,119
8.8723,8.5,1,161
8.1489,8.5,2,141
8.4449,8.5,2,148
8.8994,8.5,1,149
8.3079,8.5,1,171
8.1818,8.5,1,173
8.7368,8.5,1,156
8.4163,8.5,1,148
8.8635,8.5,1,180
8.6065,8.5,2,165
8.7024,8.5,1,135
8.9456,8.5,2,170
8.1261,8.5,2,135
8.9923,8.5,1,172
8.5066,8.5,1,160
8.0478,8.5,1,114
8.2783,8.5,1,117
8.2918,8.5,1,180
8.6582,8.5,1,145
8.7368,8.5,1,156
8.1875,8.5,1,168
8.7924,8.5,1,155
8.7764,8.5,1,154
8.6353,8.5,2,98
8.9758,8.5,2,153
8.16,8.5,1,150
8.4036,8.5,1,160
8.68,8.5,2,106
8.0973,8.5,1,121
8.1467,8.5,2,141
8.6612,8.5,1,127
8.8723,8.5,1,161
8.8606,8.5,1,185
8.6421,8.5,1,178
8.3807,8.5,1,172
8.3807,8.5,1,172
8.5489,8.5,1,122
8.2754,8.5,1,183
8.1053,8.5,1,154
8.1682,8.5,2,111
8.8062,8.5,1,155
8.1847,8.5,1,152
8.7488,8.5,1,168
8.0478,8.5,1,114
8.9803,8.5,1,124
8.3053,8.5,1,170
8.3954,8.5,1,123
8.5778,8.5,2,148
8.9675,8.5,1,174
8.8723,8.5,1,161
8.4639,8.5,2,154
8.2529,8.5,2,130
8.7805,8.5,1,188
8.8299,8.5,2,184
8.3187,8.5,2,191
8.6092,8.5,2,163
8.1261,8.5,2,135
8.0971,8.5,2,126
8.3981,8.5,1,141
8.6855,8.5,1,163
8.5162,8.5,2,151
8.4036,8.5,1,160
8.65,8.5,1,179
8.3543,8.5,1,177
8.4093,8.5,1,161
8.16,8.5,1,158
8.6065,8.5,2,165
8.7105,8.5,1,155
8.0508,8.5,1,152
8.9803,8.5,1,124
8.8773,8.5,1,153
8.7514,8.5,2,154
8.68,8.5,2,106
8.4888,8.5,2,176
8.894,8.5,1,134
8.253,8.5,2,157
8.2219,8.5,1,170
8.6695,8.5,1,154
8.2013,8.5,2,111
8.7926,8.5,2,151
8.7368,8.5,1,156
8.4419,8.5,1,138
8.4939,8.5,2,154
8.7846,8.5,2,164
8.7156,8.5,2,143
8.3297,8.5,1,162
8.2368,8.5,2,149
8.4992,8.5,2,167
8.5588,8.5,2,189
8.4638,8.5,1,135
8.7625,8.5,2,167
8.2258,8.5,1,125
8.753,8.5,2,168
8.0478,8.5,1,114
8.7792,8.5,2,135
8.3054,8.5,2,173
8.6612,8.5,1,127
8.3379,8.5,1,155
8.1547,8.5,2,133
8.8119,8.5,2,162
8.4134,8.5,2,114
8.3354,8.5,1,174
8.3288,8.5,2,170
8.6875,8.5,2,170
8.3671,8.5,1,138
8.1179,8.5,2,163
8.0121,8.5,2,145
8.3955,8.5,1,122
8.5778,8.5,2,148
8.8062,8.5,1,155
8.505,8.5,1,161
8.6188,8.5,2,157
8.2149,8.5,1,126
8.5923,8.5,1,139
8.0969,8.5,2,141
8.9213,8.5,1,141
8.5489,8.5,1,122
8.3054,8.5,2,173
8.368,8.5,2,164
8.13,8.5,1,159
8.1873,8.5,1,147
8.368,8.5,2,164
8.7568,8.5,1,152
8.883,8.5,1,165
8.0508,8.5,1,152
8.5486,8.5,1,183
8.8116,8.5,2,183
8.1766,8.5,2,136
8.9515,8.5,1,166
8.753,8.5,2,168
8.5678,8.5,1,123
8.5489,8.5,1,122
8.3325,8.5,1,140
8.9732,8.5,2,174
8.2917,8.5,1,160
8.3379,8.5,1,155
8.9456,8.5,2,170
8.7064,8.5,1,118
8.3105,8.5,2,136
8.3379,8.5,1,155
8.5819,8.5,2,189
8.193,8.5,2,144
8.1025,8.5,2,167
8.3315,8.5,2,130
8.9732,8.5,2,174
8.9158,8.5,1,168
8.8116,8.5,2,183
8.3543,8.5,1,142
8.7815,8.5,1,177
8.8033,8.5,1,170
8.0969,8.5,2,141
8.2614,8.5,2,172
8.3599,8.5,1,144
8.1875,8.5,1,168
8.6638,8.5,1,134
8.7568,8.5,1,152
8.1682,8.5,2,111
8.6517,8.5,1,142
8.3763,8.5,1,107
8.0013,8.5,2,174
8.6855,8.5,1,163
8.4848,8.5,1,116
8.5432,8.5,2,146
8.1274,8.5,1,156
8.7723,8.5,1,159
8.2666,8.5,2,171
8.9375,8.5,2,149
8.3954,8.5,1,123
8.5076,8.5,2,159
8.8801,8.5,1,149
8.5297,8.5,1,142
8.2013,8.5,2,111
8.6638,8.5,1,134
8.9803,8.5,1,124
8.4629,8.5,1,176
8.8363,8.5,2,140
8.6064,8.5,1,174
8.193,8.5,2,144
8.9731,8.5,1,161
8.7924,8.5,1,155
8.5984,8.5,2,187
8.3188,8.5,1,144
8.4363,8.5,2,96
8.0887,8.5,1,148
8.8023,8.5,2,138
8.4639,8.5,2,154
8.5843,8.5,2,177
8.6008,8.5,2,136
8.3188,8.5,1,144
8.9065,8.5,2,152
8.3096,8.5,2,148
8.2013,8.5,2,111
8.9952,8.5,1,184
8.2917,8.5,2,179
8.1847,8.5,1,152
8.3329,8.5,1,142
8.9694,8.5,1,154
8.8801,8.5,1,149
8.5432,8.5,2,146
8.7461,8.5,2,136
8.7678,8.5,1,139
8.1054,8.5,2,166
8.354,8.5,1,71
8.0809,8.5,1,166
8.7024,8.5,1,135
8.0121,8.5,2,145
8.6582,8.5,1,145
8.3096,8.5,2,148
8.2998,8.5,1,158
8.5213,8.5,2,142
8.7861,8.5,2,157
8.3681,8.5,1,174
8.5678,8.5,1,123
8.4611,8.5,2,148
8.4804,8.5,1,132
8.0342,8.5,2,168
8.5076,8.5,2,159
8.2422,8.5,2,130
8.815,8.5,1,140
8.7543,8.5,1,169
8.7045,8.5,1,145
8.1261,8.5,2,135
8.5079,8.5,2,157
8.1704,8.5,2,51
8.0725,8.5,2,184
8.6747,8.5,1,179
8.7861,8.5,2,157
8.8581,8.5,1,166
8.7815,8.5,1,177
8.5787,8.5,2,146
8.8023,8.5,2,138
8.8476,8.5,1,194
8.0042,8.5,2,143
8.9158,8.5,1,168
8.4204,8.5,2,183
8.9456,8.5,1,176
8.6529,8.5,1,194
8.5352,8.5,2,173
8.7749,8.5,1,151
8.6421,8.5,1,178
8.1242,8.5,1,153
8.4066,8.5,2,147
8.6007,8.5,1,165
8.6855,8.5,1,163
8.5819,8.5,2,189
8.7368,8.5,1,156
8.7045,8.5,1,145
8.1709,8.5,1,139
8.65,8.5,1,179
8.7403,8.5,1,144
8.5432,8.5,2,146
8.4066,8.5,2,147
8.9375,8.5,2,149
8.5708,8.5,2,161
8.5978,8.5,2,131
8.3243,8.5,1,138
8.0286,8.5,1,179
8.3489,8.5,2,132
8.984,8.5,2,160
8.9694,8.5,1,154
8.734,8.5,1,165
8.9021,8.5,1,154
8.5707,8.5,1,125
8.8606,8.5,1,185
8.1658,8.5,1,148
8.5162,8.5,2,151
8.0532,8.5,2,148
8.4191,8.5,2,144
8.5162,8.5,2,151
8.5232,8.5,2,127
8.4395,8.5,2,173
8.9051,8.5,1,152
8.6938,8.5,1,161
8.3105,8.5,2,136
8.9201,8.5,1,132
8.6938,8.5,1,161
8.9758,8.5,2,153
8.0342,8.5,2,168
8.5844,8.5,1,145
8.5352,8.5,2,173
8.1234,8.5,1,166
8.5708,8.5,1,171
8.3187,8.5,2,116
8.7678,8.5,1,139
8.6092,8.5,2,163
8.4888,8.5,2,176
8.3655,8.5,1,184
8.5763,8.5,2,76
8.3954,8.5,1,123
8.0973,8.5,1,121
8.5489,8.5,1,154
8.7403,8.5,2,178
8.85,8.5,2,170
8.9568,8.5,2,143
8.9375,8.5,2,126
8.0013,8.5,1,125
8.4447,8.5,1,173
8.3926,8.5,1,153
8.2258,8.5,1,125
8.0669,8.5,1,175
8.505,8.5,1,161
8.6695,8.5,1,154
8.1054,8.5,2,166
8.2945,8.5,1,155
8.2943,8.5,1,179
8.494,8.5,1,175
8.3489,8.5,2,132
8.16,8.5,1,158
8.7846,8.5,2,164
8.7831,8.5,1,179
8.8773,8.5,1,153
8.9213,8.5,1,141
8.5626,8.5,2,147
8.5352,8.5,2,173
8.1409,8.5,1,163
8.7064,8.5,1,118
8.3491,8.5,1,172
8.0887,8.5,1,148
8.7105,8.5,1,155
8.8606,8.5,1,185
8.7792,8.5,2,135
8.65,8.5,1,179
8.4283,8.5,1,164
8.6964,8.5,2,125
8.0809,8.5,1,166
8.0969,8.5,2,141
8.7792,8.5,2,135
8.9158,8.5,1,168
8.1409,8.5,1,163
8.5489,8.5,1,122
8.3105,8.5,2,136
8.7105,8.5,1,155
8.1875,8.5,1,168
8.0832,8.5,2,178
8.3681,8.5,2,159
8.5678,8.5,1,123
8.6938,8.5,1,161
8.8008,8.5,2,173
8.7403,8.5,2,178
9.8893,9.5,1,194
9.8043,9.5,2,192
9.8519,9.5,2,168
9.5155,9.5,2,151
9.2185,9.5,2,166
9.3567,9.5,2,163
9.7608,9.5,2,195
9.8536,9.5,2,181
9.7808,9.5,1,175
9.8713,9.5,1,130
9.0637,9.5,1,181
9.9368,9.5,1,125
9.2361,9.5,2,163
9.8604,9.5,2,154
9.696,9.5,1,176
9.6126,9.5,2,129
9.8767,9.5,2,120
9.8128,9.5,1,152
9.3445,9.5,1,160
9.6321,9.5,2,183
9.2185,9.5,1,163
9.8383,9.5,1,168
9.6895,9.5,2,166
9.5672,9.5,1,163
9.8766,9.5,2,152
9.4406,9.5,2,153
9.8986,9.5,2,166
9.8631,9.5,2,171
9.5636,9.5,2,180
9.6383,9.5,2,177
9.8046,9.5,1,186
9.2743,9.5,2,163
9.1073,9.5,2,178
9.2981,9.5,2,179
9.4877,9.5,2,152
9.124,9.5,1,143
9.5506,9.5,1,186
9.8522,9.5,1,165
9.6714,9.5,1,182
9.9424,9.5,1,160
9.2185,9.5,1,190
9.9368,9.5,2,188
9.2194,9.5,1,143
9.2966,9.5,1,151
9.0857,9.5,1,137
9.8631,9.5,2,171
9.0991,9.5,2,157
9.4577,9.5,1,158
9.6222,9.5,1,185
9.8769,9.5,1,156
9.2772,9.5,2,152
9.2225,9.5,1,166
9.1214,9.5,1,144
9.321,9.5,1,170
9.1322,9.5,1,170
9.4459,9.5,2,181
9.3116,9.5,1,191
9.7943,9.5,1,161
9.288,9.5,1,151
9.2185,9.5,2,159
9.0197,9.5,2,170
9.9423,9.5,2,178
9.3171,9.5,1,192
9.2167,9.5,2,156
9.8619,9.5,2,155
9.5703,9.5,1,156
9.0471,9.5,2,163
9.255,9.5,1,176
9.2773,9.5,1,176
9.8437,9.5,2,171
9.2225,9.5,1,166
9.2442,9.5,2,172
9.0061,9.5,2,140
9.6574,9.5,2,189
9.4057,9.5,1,184
9.4167,9.5,1,172
9.5507,9.5,1,164
9.0004,9.5,2,182
9.4056,9.5,2,157
9.3445,9.5,1,144
9.4906,9.5,1,149
9.2021,9.5,1,196
9.5977,9.5,1,143
9.102,9.5,1,130
9.4057,9.5,1,184
9.4797,9.5,2,120
9.8383,9.5,1,168
9.7071,9.5,1,184
9.5644,9.5,1,196
9.3756,9.5,1,168
9.4004,9.5,2,173
9.0061,9.5,2,140
9.5223,9.5,1,197
9.2661,9.5,2,138
9.0197,9.5,2,170
9.4577,9.5,1,158
9.2168,9.5,1,160
9.4333,9.5,2,175
9.0417,9.5,1,194
9.4877,9.5,2,152
9.2442,9.5,1,97
9.5059,9.5,1,184
9.057,9.5,2,148
9.8621,9.5,2,188
9.2198,9.5,1,180
9.225,9.5,1,158
9.8987,9.5,2,173
9.3372,9.5,1,170
9.5595,9.5,2,148
9.2185,9.5,1,195
9.0664,9.5,2,185
9.1103,9.5,1,164
9.2185,9.5,1,195
9.7608,9.5,2,195
9.8986,9.5,2,166
9.9918,9.5,1,190
9.3099,9.5,1,144
9.6903,9.5,2,162
9.6522,9.5,1,122
9.2797,9.5,2,149
9.2797,9.5,2,149
9.447,9.5,1,177
9.1046,9.5,2,160
9.6239,9.5,2,154
9.2185,9.5,1,195
9.9616,9.5,1,147
9.8165,9.5,1,180
9.9424,9.5,1,155
9.6276,9.5,1,188
9.4406,9.5,2,153
9.9836,9.5,1,173
9.5506,9.5,1,150
9.2021,9.5,1,196
9.7123,9.5,1,150
9.2981,9.5,2,179
9.2828,9.5,1,147
9.4386,9.5,2,128
9.2772,9.5,2,152
9.2661,9.5,2,138
9.3181,9.5,2,154
9.6606,9.5,1,166
9.8,9.5,1,176
9.3539,9.5,2,183
9.8536,9.5,2,181
9.4604,9.5,2,178
9.258,9.5,2,157
9.5646,9.5,2,152
9.2185,9.5,2,189
9.5745,9.5,1,182
9.7756,9.5,1,148
9.3922,9.5,1,143
9.8767,9.5,2,120
9.0789,9.5,1,153
9.8933,9.5,1,152
9.4906,9.5,1,149
9.0034,9.5,1,182
9.8631,9.5,2,171
9.0086,9.5,2,148
9.7496,9.5,1,188
9.447,9.5,1,177
9.4604,9.5,2,178
9.4059,9.5,2,167
9.3484,9.5,1,171
9.0226,9.5,1,176
9.4937,9.5,2,183
9.4633,9.5,2,182
9.5506,9.5,1,186
9.5234,9.5,1,167
9.8766,9.5,2,152
9.9425,9.5,2,188
9.6383,9.5,2,177
9.9535,9.5,2,169
9.2361,9.5,2,166
9.7808,9.5,2,161
9.2981,9.5,2,179
9.1177,9.5,2,173
9.614,9.5,2,135
9.4279,9.5,2,159
9.4961,9.5,1,185
9.0789,9.5,1,153
9.4249,9.5,2,156
9.5507,9.5,1,164
9.102,9.5,2,164
9.0443,9.5,2,154
9.8409,9.5,1,184
9.4256,9.5,2,173
9.1021,9.5,1,181
9.3975,9.5,1,155
9.2665,9.5,1,160
9.2168,9.5,1,160
9.6606,9.5,1,166
9.0744,9.5,2,128
9.6824,9.5,2,180
9.3539,9.5,2,183
9.2021,9.5,1,152
9.5223,9.5,1,197
9.2168,9.5,1,160
9.4057,9.5,1,184
9.5646,9.5,2,152
9.0434,9.5,2,138
9.7316,9.5,1,182
9.5506,9.5,1,150
9.3099,9.5,1,144
9.8737,9.5,1,195
9.3226,9.5,2,155
9.8714,9.5,2,182
9.3348,9.5,1,200
9.5977,9.5,1,143
9.0378,9.5,2,173
9.2185,9.5,2,181
9.143,9.5,1,194
9.6522,9.5,1,122
9.1046,9.5,2,160
9.4577,9.5,1,158
9.2194,9.5,1,143
9.0034,9.5,1,182
9.2185,9.5,2,178
9.7496,9.5,1,188
9.2009,9.5,2,153
9.1815,9.5,2,179
9.6126,9.5,2,129
9.614,9.5,2,135
9.3348,9.5,1,200
9.6493,9.5,2,190
9.0061,9.5,2,140
9.4769,9.5,1,149
9.5156,9.5,2,167
9.9534,9.5,1,196
9.9507,9.5,2,163
9.9616,9.5,1,147
9.5234,9.5,2,141
9.8852,9.5,2,136
9.641,9.5,2,166
9.1021,9.5,1,181
9.1729,9.5,2,183
9.696,9.5,1,139
9.258,9.5,2,157
9.6605,9.5,2,176
9.2185,9.5,2,178
9.9277,9.5,2,157
9.266,9.5,1,167
9.7998,9.5,2,177
9.4797,9.5,2,120
9.3484,9.5,1,171
9.9535,9.5,2,169
9.6465,9.5,2,167
9.0441,9.5,2,163
9.5703,9.5,1,156
9.2185,9.5,1,158
9.1815,9.5,1,134
9.8027,9.5,1,159
9.1073,9.5,2,178
9.0525,9.5,2,143
9.5417,9.5,2,171
9.8166,9.5,2,184
9.4937,9.5,2,183
9.8893,9.5,1,194
9.9342,9.5,2,89
9.3319,9.5,2,142
9.9837,9.5,2,180
9.8852,9.5,2,136
9.6465,9.5,2,167
9.9425,9.5,2,147
9.2185,9.5,2,156
9.8409,9.5,1,184
9.8519,9.5,1,158
9.9535,9.5,2,169
9.2185,9.5,2,186
9.176,9.5,1,192
9.2331,9.5,1,162
9.6523,9.5,2,124
9.0417,9.5,1,194
9.3567,9.5,1,170
9.5155,9.5,2,151
9.778,9.5,1,187
9.5043,9.5,2,165
9.6964,9.5,2,177
9.1894,9.5,2,155
9.6383,9.5,2,177
9.3319,9.5,2,142
9.4604,9.5,2,178
9.4633,9.5,2,182
9.2743,9.5,2,163
9.7123,9.5,1,150
9.7756,9.5,1,148
9.3099,9.5,1,144
9.8521,9.5,1,150
9.1103,9.5,1,164
9.3457,9.5,2,185
9.2963,9.5,2,167
9.6321,9.5,2,183
9.0488,9.5,1,160
9.5234,9.5,1,167
9.9616,9.5,1,147
9.1099,9.5,2,145
9.6059,9.5,2,168
9.9424,9.5,1,160
9.8128,9.5,1,152
9.9423,9.5,2,178
9.3319,9.5,2,142
9.0852,9.5,2,128
9.8878,9.5,2,179
9.0278,9.5,1,144
9.2185,9.5,2,181
9.4035,9.5,1,184
9.288,9.5,1,151
9.5644,9.5,1,196
9.5333,9.5,2,189
9.2225,9.5,1,166
9.8685,9.5,1,129
9.5507,9.5,1,164
9.4056,9.5,2,157
9.4406,9.5,2,153
9.5506,9.5,1,186
9.9837,9.5,2,180
9.4003,9.5,2,163
9.9687,9.5,1,182
9.5674,9.5,1,161
9.0471,9.5,2,163
9.4459,9.5,2,181
9.5974,9.5,2,176
9.5156,9.5,2,167
9.5674,9.5,1,161
9.3484,9.5,1,171
9.6249,9.5,1,158
9.0857,9.5,1,137
9.447,9.5,1,177
9.8027,9.5,1,159
9.02,9.5,2,161
9.9634,9.5,2,179
9.3445,9.5,1,144
9.4797,9.5,2,120
9.7455,9.5,1,189
9.4004,9.5,2,173
9.8767,9.5,2,120
9.0335,9.5,2,183
9.4004,9.5,2,173
9.0441,9.5,2,163
9.9507,9.5,2,163
9.3021,9.5,2,135
9.1214,9.5,1,144
9.6194,9.5,1,126
9.4459,9.5,2,181
9.3787,9.5,2,176
9.2168,9.5,1,160
9.3021,9.5,2,135
9.2185,9.5,1,153
9.3317,9.5,2,165
9.5415,9.5,1,171
9.8386,9.5,2,181
9.5918,9.5,1,123
9.6383,9.5,2,177
9.8878,9.5,2,179
9.0061,9.5,2,140
9.2361,9.5,2,163
9.255,9.5,2,133
9.7428,9.5,1,168
9.5155,9.5,1,183
9.2331,9.5,1,162
9.3372,9.5,1,170
9.5672,9.5,2,125
9.102,9.5,2,164
9.1786,9.5,2,171
9.8686,9.5,2,135
9.0032,9.5,2,164
9.3457,9.5,2,185
9.614,9.5,2,135
9.3226,9.5,2,155
9.447,9.5,1,177
9.8852,9.5,2,136
9.2033,9.5,2,169
9.8521,9.5,1,150
9.2442,9.5,1,97
9.8046,9.5,2,155
9.3483,9.5,2,182
9.0062,9.5,1,161
9.9059,9.5,1,182
9.2185,9.5,1,163
9.1103,9.5,1,164
9.3317,9.5,2,165
9.7756,9.5,1,148
9.3445,9.5,1,144
9.2185,9.5,1,163
9.0278,9.5,2,130
9.0278,9.5,1,144
9.8893,9.5,1,194
9.4797,9.5,2,120
9.9998,9.5,1,147
9.0004,9.5,2,182
9.5046,9.5,1,138
9.9424,9.5,1,155
9.8675,9.5,1,188
9.0524,9.5,2,183
9.6239,9.5,2,154
9.5935,9.5,1,189
9.9616,9.5,1,147
9.6321,9.5,2,183
9.0366,9.5,2,178
9.6383,9.5,2,177
9.0061,9.5,2,140
13.7189,10.5,2,117
10.4351,10.5,2,160
10.0548,10.5,2,180
10.7174,10.5,1,192
10.6574,10.5,2,198
10.0386,10.5,2,187
10.6339,10.5,1,166
10.7638,10.5,1,158
10.7845,10.5,2,195
10.3944,10.5,1,185
10.7224,10.5,1,183
10.9745,10.5,1,177
10.5226,10.5,1,186
10.742,10.5,2,185
10.2412,10.5,2,176
10.4027,10.5,2,173
10.0027,10.5,1,147
10.4506,10.5,2,192
10.6406,10.5,1,203
10.5143,10.5,2,156
10.6707,10.5,1,195
10.3067,10.5,1,181
10.7764,10.5,2,163
10.8378,10.5,1,179
10.654,10.5,1,166
10.4355,10.5,2,198
10.0219,10.5,2,162
10.9307,10.5,1,181
10.5887,10.5,1,168
10.3067,10.5,1,181
10.0819,10.5,2,160
10.7845,10.5,2,195
10.2494,10.5,1,170
10.0327,10.5,2,139
10.1645,10.5,1,186
10.5972,10.5,2,147
10.0027,10.5,1,147
10.5585,10.5,2,186
10.43,10.5,2,182
10.9826,10.5,2,189
10.3671,10.5,1,163
10.6574,10.5,2,198
10.5831,10.5,2,182
10.9745,10.5,1,177
10.5966,10.5,2,153
10.3697,10.5,1,187
10.1344,10.5,2,179
10.3479,10.5,2,180
10.6709,10.5,1,197
10.5392,10.5,1,171
10.3969,10.5,1,160
10.3616,10.5,2,187
10.1151,10.5,2,150
10.1987,10.5,1,155
10.7719,10.5,2,187
10.9229,10.5,1,197
10.0153,10.5,2,189
10.9745,10.5,1,177
10.6762,10.5,1,168
10.5119,10.5,1,124
10.6217,10.5,1,170
10.6709,10.5,1,197
10.6841,10.5,2,187
10.5026,10.5,1,182
10.5094,10.5,1,190
10.2986,10.5,1,169
10.1398,10.5,1,174
10.6421,10.5,1,172
10.1222,10.5,1,183
10.1998,10.5,1,172
10.331,10.5,2,142
10.9996,10.5,1,195
10.7724,10.5,2,190
10.8324,10.5,2,176
10.6406,10.5,1,173
10.9201,10.5,2,199
10.575,10.5,1,201
10.4112,10.5,2,153
10.0327,10.5,2,139
10.331,10.5,2,142
10.041,10.5,2,173
10.8268,10.5,1,167
10.2684,10.5,2,182
10.3119,10.5,2,174
10.0153,10.5,1,180
10.092,10.5,1,196
10.9005,10.5,2,189
10.946,10.5,1,159
10.2078,10.5,1,177
10.5972,10.5,2,147
10.7638,10.5,1,158
10.452,10.5,2,201
10.5777,10.5,2,167
10.3424,10.5,1,167
10.07,10.5,2,167
10.4788,10.5,2,145
13.7189,10.5,2,117
10.3397,10.5,1,184
10.742,10.5,2,185
10.2891,10.5,1,187
10.5069,10.5,2,183
10.9337,10.5,1,188
10.1138,10.5,1,150
10.2124,10.5,1,192
10.7256,10.5,1,194
10.9307,10.5,1,181
10.5972,10.5,2,147
10.3602,10.5,1,188
10.1969,10.5,1,176
10.7736,10.5,2,191
10.8104,10.5,2,192
10.0327,10.5,2,139
10.9746,10.5,2,167
10.9446,10.5,1,195
10.3505,10.5,2,142
10.2052,10.5,2,176
10.6574,10.5,2,198
10.7256,10.5,1,194
10.5309,10.5,2,173
10.2765,10.5,2,122
10.2547,10.5,2,143
10.1479,10.5,2,168
10.6188,10.5,1,149
10.0905,10.5,1,182
10.8269,10.5,2,175
10.3028,10.5,1,179
10.5664,10.5,2,166
10.331,10.5,2,142
10.2124,10.5,2,171
10.6406,10.5,1,203
10.1303,10.5,1,185
10.2137,10.5,2,184
10.4506,10.5,2,192
10.5777,10.5,2,167
10.4572,10.5,2,158
10.5972,10.5,2,147
10.1111,10.5,1,196
10.0219,10.5,2,162
10.1645,10.5,1,186
10.8274,10.5,2,181
10.9003,10.5,1,161
10.0931,10.5,2,161
10.6786,10.5,1,188
10.564,10.5,1,137
10.3602,10.5,1,188
10.6188,10.5,1,149
10.6406,10.5,1,173
10.1481,10.5,1,173
10.569,10.5,2,184
10.3356,10.5,2,180
10.3067,10.5,1,181
10.0355,10.5,1,156
10.865,10.5,2,180
10.4014,10.5,1,201
10.0437,10.5,2,167
10.9662,10.5,1,190
10.7119,10.5,1,179
10.2052,10.5,2,176
10.6707,10.5,1,195
10.3119,10.5,2,174
10.8374,10.5,1,174
10.096,10.5,1,191
10.3505,10.5,2,142
10.8073,10.5,1,154
10.2928,10.5,2,160
10.1645,10.5,1,186
10.2737,10.5,1,181
10.7719,10.5,2,187
10.5026,10.5,1,182
10.7283,10.5,2,185
10.9995,10.5,1,185
10.5887,10.5,2,184
10.882,10.5,2,185
10.4788,10.5,2,145
10.2329,10.5,1,175
10.9991,10.5,1,185
10.7913,10.5,1,170
10.865,10.5,2,180
10.0163,10.5,1,165
10.1621,10.5,2,193
10.4454,10.5,2,191
10.8621,10.5,1,153
10.0659,10.5,2,152
10.6406,10.5,1,173
10.2124,10.5,1,168
10.4351,10.5,2,160
10.9995,10.5,1,185
10.1645,10.5,1,186
10.2986,10.5,1,169
10.0098,10.5,1,154
10.553,10.5,1,165
10.1479,10.5,2,168
10.7586,10.5,2,128
10.2754,10.5,2,177
10.1221,10.5,1,177
10.3969,10.5,1,160
10.6898,10.5,1,169
10.8365,10.5,1,189
10.7736,10.5,2,191
10.4983,10.5,1,192
10.6846,10.5,1,188
10.1398,10.5,1,174
10.8818,10.5,1,193
10.5777,10.5,2,167
10.7638,10.5,1,158
10.0112,10.5,1,151
10.9585,10.5,2,181
10.0248,10.5,2,191
10.4109,10.5,1,164
10.2124,10.5,1,168
10.6211,10.5,1,185
10.2959,10.5,2,158
10.8365,10.5,1,189
10.0521,10.5,1,160
10.1012,10.5,2,164
10.2275,10.5,2,188
10.0437,10.5,2,167
10.2273,10.5,1,162
10.496,10.5,2,182
10.1998,10.5,1,172
10.7389,10.5,1,181
10.2547,10.5,2,143
10.467,10.5,2,154
10.331,10.5,2,142
10.3368,10.5,1,192
10.6217,10.5,1,170
10.8188,10.5,1,172
10.496,10.5,2,182
10.9337,10.5,1,188
10.8981,10.5,1,169
10.1784,10.5,2,162
10.3859,10.5,1,185
10.0905,10.5,1,182
10.8844,10.5,1,156
10.0711,10.5,1,178
10.9662,10.5,1,190
10.2273,10.5,1,162
10.9857,10.5,1,182
10.1369,10.5,1,151
10.9433,10.5,2,173
10.7638,10.5,1,158
10.739,10.5,1,187
10.8374,10.5,1,174
10.0854,10.5,2,176
10.2493,10.5,2,169
10.2124,10.5,1,192
10.4324,10.5,2,191
10.4109,10.5,1,164
10.5887,10.5,2,184
10.0219,10.5,2,162
10.2891,10.5,1,199
10.6406,10.5,1,146
10.1669,10.5,1,171
13.7189,10.5,2,117
10.8434,10.5,2,178
10.8378,10.5,1,179
10.4112,10.5,2,153
10.6406,10.5,1,203
10.7119,10.5,1,179
10.3342,10.5,2,191
10.2891,10.5,1,187
10.4683,10.5,1,180
10.1013,10.5,1,152
10.1142,10.5,1,139
10.0905,10.5,1,182
10.7913,10.5,1,170
10.5856,10.5,1,184
10.3342,10.5,2,191
10.4288,10.5,2,163
10.5609,10.5,2,199
10.6218,10.5,2,179
10.6406,10.5,1,173
10.2851,10.5,2,152
10.5609,10.5,2,199
10.2959,10.5,2,158
10.5751,10.5,2,195
10.5309,10.5,2,173
10.0248,10.5,2,191
10.1314,10.5,2,173
10.4166,10.5,2,198
10.6242,10.5,2,163
10.0153,10.5,2,189
10.2684,10.5,2,182
10.9826,10.5,2,189
10.5664,10.5,2,166
10.8705,10.5,1,195
10.739,10.5,1,187
10.7724,10.5,2,190
10.6709,10.5,1,197
10.134,10.5,2,171
10.9745,10.5,1,177
10.2493,10.5,2,169
10.4794,10.5,2,161
10.7611,10.5,2,195
10.2273,10.5,1,162
10.7938,10.5,2,167
10.9584,10.5,1,196
10.1784,10.5,2,162
10.1561,10.5,2,180
10.0219,10.5,2,162
10.6217,10.5,1,170
10.4324,10.5,2,191
10.8434,10.5,2,178
10.0137,10.5,2,184
10.8274,10.5,2,181
10.8431,10.5,2,176
10.9201,10.5,2,199
10.8319,10.5,1,171
10.0454,10.5,2,172
10.452,10.5,2,201
10.6627,10.5,2,182
10.2105,10.5,1,173
10.2329,10.5,2,180
10.8319,10.5,1,171
10.9826,10.5,2,175
10.1344,10.5,2,179
10.4112,10.5,2,153
10.6683,10.5,1,199
10.7736,10.5,2,191
10.6218,10.5,2,179
10.342,10.5,1,144
10.6406,10.5,1,203
10.1946,10.5,1,165
10.7519,10.5,2,181
10.5363,10.5,1,164
10.7119,10.5,1,179
10.3451,10.5,2,185
10.5226,10.5,1,186
10.5367,10.5,2,152
10.4112,10.5,2,153
10.8705,10.5,1,195
10.6339,10.5,1,166
10.8431,10.5,2,176
10.6841,10.5,2,187
10.9746,10.5,1,129
10.946,10.5,1,159
10.2959,10.5,2,158
10.2078,10.5,1,177
10.0217,10.5,2,180
10.46,10.5,1,181
10.5419,10.5,1,194
10.0755,10.5,1,194
10.0331,10.5,1,184
10.5888,10.5,1,184
10.4763,10.5,1,188
10.9845,10.5,1,168
10.2684,10.5,2,182
10.0711,10.5,1,178
10.5146,10.5,1,131
10.5367,10.5,2,152
10.6322,10.5,2,191
10.2136,10.5,1,193
10.2754,10.5,2,177
10.2713,10.5,1,158
10.2124,10.5,1,194
10.5143,10.5,2,156
10.5664,10.5,2,166
10.2124,10.5,2,171
10.6157,10.5,1,157
10.6051,10.5,1,83
10.7338,10.5,2,172
10.3972,10.5,2,177
10.5092,10.5,2,162
10.1314,10.5,2,173
10.2737,10.5,1,181
10.0327,10.5,1,176
10.6051,10.5,1,83
10.208,10.5,2,153
10.5609,10.5,2,199
10.6846,10.5,1,188
10.7197,10.5,2,201
10.4764,10.5,1,176
10.846,10.5,1,184
10.1621,10.5,2,193
10.7174,10.5,1,192
10.5309,10.5,2,173
10.7119,10.5,1,179
10.4763,10.5,1,193
10.3397,10.5,1,184
10.4599,10.5,2,174
10.3479,10.5,2,180
10.946,10.5,1,159
10.5585,10.5,2,186
10.7845,10.5,2,195
10.7586,10.5,2,128
10.4288,10.5,2,163
10.2082,10.5,2,136
10.6051,10.5,1,83
10.7389,10.5,1,181
10.8431,10.5,2,176
10.7389,10.5,1,181
10.2124,10.5,2,157
10.7775,10.5,2,190
10.4188,10.5,2,148
10.8844,10.5,1,156
10.846,10.5,1,184
10.8613,10.5,2,157
10.5929,10.5,2,173
10.9005,10.5,2,189
10.5856,10.5,1,184
11.1443,11.5,1,192
11.9383,11.5,2,163
11.74,11.5,1,202
11.5275,11.5,1,183
11.6842,11.5,2,196
11.9318,11.5,2,203
11.9985,11.5,2,191
11.1828,11.5,2,178
11.7109,11.5,2,160
11.6333,11.5,2,168
11.8094,11.5,2,183
11.7711,11.5,2,153
11.2434,11.5,2,185
11.5993,11.5,2,189
11.7102,11.5,1,151
11.6808,11.5,1,188
11.2839,11.5,1,195
11.12,11.5,2,172
11.0158,11.5,2,156
11.509,11.5,2,183
11.4676,11.5,2,198
11.5539,11.5,2,202
11.8413,11.5,1,205
11.5658,11.5,1,188
11.6773,11.5,1,180
11.951,11.5,1,168
11.6648,11.5,2,144
11.785,11.5,2,200
11.4399,11.5,1,126
11.9414,11.5,2,190
11.9273,11.5,1,187
11.6744,11.5,1,185
11.2046,11.5,1,196
11.7346,11.5,1,186
11.8413,11.5,1,205
11.3058,11.5,1,155
11.834,11.5,1,149
11.2079,11.5,2,199
11.8769,11.5,1,138
11.7236,11.5,1,198
11.4047,11.5,1,184
11.0694,11.5,2,192
11.3624,11.5,2,176
11.8673,11.5,2,206
11.6636,11.5,2,173
11.7373,11.5,2,190
11.8233,11.5,1,164
11.4234,11.5,1,173
11.1186,11.5,1,189
11.8998,11.5,1,140
11.4893,11.5,2,153
11.7018,11.5,2,161
11.834,11.5,1,149
11.3334,11.5,2,181
11.6362,11.5,2,164
11.0265,11.5,2,201
11.7455,11.5,1,211
11.3415,11.5,2,184
11.1333,11.5,2,197
11.1419,11.5,1,185
11.1145,11.5,1,153
11.5307,11.5,1,183
11.9332,11.5,1,187
11.9167,11.5,1,135
11.7949,11.5,1,170
11.8262,11.5,2,187
11.4622,11.5,2,182
11.1597,11.5,2,178
11.3624,11.5,2,176
11.988,11.5,1,207
11.6919,11.5,1,192
11.6425,11.5,1,178
11.8067,11.5,2,136
11.1608,11.5,1,194
11.7796,11.5,2,194
11.9552,11.5,2,183
11.9882,11.5,1,193
11.3882,11.5,1,205
11.1636,11.5,2,186
11.8661,11.5,1,192
11.7193,11.5,1,204
11.6333,11.5,2,168
11.6362,11.5,2,164
11.3143,11.5,2,198
11.7904,11.5,1,178
11.7058,11.5,2,150
11.4319,11.5,2,173
11.5986,11.5,1,185
11.443,11.5,1,196
11.7438,11.5,1,186
11.5986,11.5,1,185
11.8716,11.5,2,193
11.0241,11.5,1,175
11.5141,11.5,1,190
11.9467,11.5,2,192
11.8289,11.5,2,192
11.4375,11.5,1,196
11.3086,11.5,1,196
11.5922,11.5,2,185
11.744,11.5,1,185
11.8341,11.5,1,184
11.1223,11.5,1,191
11.8455,11.5,1,188
11.1443,11.5,1,192
11.1444,11.5,2,165
11.3185,11.5,2,181
11.4455,11.5,1,171
11.1307,11.5,2,201
11.7929,11.5,1,190
11.4319,11.5,2,173
11.8344,11.5,2,199
11.0787,11.5,1,191
11.5414,11.5,2,199
11.6123,11.5,2,188
11.9601,11.5,2,150
11.4763,11.5,1,188
11.714,11.5,1,182
11.4472,11.5,1,182
11.7958,11.5,2,182
11.4763,11.5,1,188
11.5128,11.5,2,190
11.1185,11.5,2,160
11.7958,11.5,2,202
11.2981,11.5,1,169
11.8012,11.5,1,201
11.6128,11.5,1,154
11.8287,11.5,1,186
11.3415,11.5,1,191
11.0543,11.5,1,188
11.8344,11.5,2,199
11.7,11.5,2,185
11.2126,11.5,2,186
11.4485,11.5,2,172
11.7958,11.5,2,202
11.7108,11.5,1,142
11.6333,11.5,2,168
11.1223,11.5,1,191
11.5441,11.5,2,179
11.1333,11.5,1,150
11.2047,11.5,2,198
11.7929,11.5,1,190
11.5278,11.5,2,159
11.6919,11.5,1,192
11.3773,11.5,1,203
11.3174,11.5,1,193
11.7674,11.5,1,200
11.1241,11.5,1,175
11.9563,11.5,2,198
11.1142,11.5,2,179
11.1498,11.5,2,185
11.9619,11.5,1,204
11.5797,11.5,1,196
11.6773,11.5,1,180
11.6919,11.5,1,192
11.8067,11.5,2,136
11.9684,11.5,1,182
11.1281,11.5,1,195
11.4937,11.5,1,193
11.5993,11.5,2,189
11.158,11.5,2,193
11.2839,11.5,1,195
11.9181,11.5,1,160
11.725,11.5,2,44
11.481,11.5,1,192
11.6016,11.5,2,183
11.5275,11.5,1,183
11.6415,11.5,1,188
11.4455,11.5,1,171
11.9191,11.5,1,177
11.0543,11.5,1,188
11.1241,11.5,1,175
11.103,11.5,2,190
11.5576,11.5,1,209
11.0583,11.5,2,163
11.6935,11.5,1,185
11.8524,11.5,1,167
11.4731,11.5,2,183
11.2677,11.5,1,151
11.4973,11.5,1,181
11.2731,11.5,1,178
11.3387,11.5,2,186
11.1898,11.5,2,183
11.0759,11.5,1,187
11.2949,11.5,1,185
11.158,11.5,2,145
11.4481,11.5,1,181
11.8369,11.5,2,189
11.6919,11.5,1,192
11.4047,11.5,1,184
11.1142,11.5,1,178
11.7963,11.5,1,165
11.834,11.5,1,149
11.9191,11.5,1,177
11.4472,11.5,1,182
11.9221,11.5,2,177
11.74,11.5,1,202
11.9466,11.5,2,208
11.1963,11.5,1,204
11.3523,11.5,2,189
11.2788,11.5,1,175
11.0666,11.5,1,186
11.7058,11.5,2,150
11.2673,11.5,1,138
11.1362,11.5,1,185
11.1419,11.5,1,185
11.0694,11.5,2,192
11.2172,11.5,2,140
11.2375,11.5,2,176
11.6425,11.5,1,178
11.6205,11.5,2,200
11.9552,11.5,2,183
11.3277,11.5,2,195
11.8413,11.5,1,205
11.5658,11.5,1,188
11.8287,11.5,1,186
11.3059,11.5,2,170
11.481,11.5,1,192
11.22,11.5,2,198
11.2131,11.5,1,160
11.1857,11.5,1,198
11.0897,11.5,1,179
11.725,11.5,2,44
11.725,11.5,2,44
11.5165,11.5,1,193
11.836,11.5,2,151
11.9713,11.5,1,194
11.8332,11.5,2,128
11.8948,11.5,2,177
11.2733,11.5,1,172
11.4481,11.5,2,197
11.9524,11.5,2,150
11.744,11.5,2,197
11.3553,11.5,1,192
11.9661,11.5,1,170
11.158,11.5,2,145
11.3774,11.5,1,190
11.9932,11.5,1,195
11.6844,11.5,1,183
11.0896,11.5,2,177
11.951,11.5,1,168
11.0456,11.5,1,186
11.4731,11.5,2,183
11.5361,11.5,1,195
11.728,11.5,2,150
11.2927,11.5,2,168
11.6425,11.5,1,178
11.1934,11.5,1,174
11.9027,11.5,1,183
11.3169,11.5,2,192
11.6223,11.5,1,181
11.4404,11.5,2,182
11.1333,11.5,1,150
11.2541,11.5,2,189
11.3185,11.5,2,181
11.5058,11.5,2,183
11.6636,11.5,2,173
11.3021,11.5,1,179
11.4017,11.5,2,183
11.8312,11.5,2,177
11.9683,11.5,2,186
11.7292,11.5,1,166
11.7929,11.5,1,190
11.7796,11.5,2,169
11.5247,11.5,1,160
11.1991,11.5,2,203
11.9273,11.5,1,187
11.242,11.5,1,186
11.5089,11.5,1,161
11.4763,11.5,1,188
11.6128,11.5,1,154
11.3169,11.5,2,192
11.5058,11.5,2,183
11.4362,11.5,1,181
11.8861,11.5,2,182
11.6333,11.5,2,168
11.7876,11.5,2,200
11.2601,11.5,2,175
11.61,11.5,2,169
11.1063,11.5,2,188
11.8235,11.5,1,192
11.2839,11.5,1,195
11.8673,11.5,2,206
11.22,11.5,2,198
11.377,11.5,2,164
11.6744,11.5,1,185
11.7876,11.5,2,200
11.3361,11.5,1,188
11.4678,11.5,2,147
11.5,11.5,1,87
11.7,11.5,2,185
11.1223,11.5,1,191
11.2185,11.5,1,192
11.0624,11.5,1,185
11.1692,11.5,2,175
11.7685,11.5,2,189
11.3303,11.5,2,174
11.1963,11.5,1,204
11.7961,11.5,2,139
11.3773,11.5,1,203
11.988,11.5,1,207
11.2008,11.5,2,169
11.4731,11.5,2,194
11.7346,11.5,1,186
11.7346,11.5,1,186
11.4671,11.5,2,194
11.0787,11.5,1,191
11.3088,11.5,1,181
11.1963,11.5,1,204
11.9606,11.5,1,134
11.744,11.5,2,197
11.8524,11.5,1,167
11.7847,11.5,2,188
11.8769,11.5,1,138
11.2729,11.5,1,188
11.5058,11.5,2,183
11.1361,11.5,1,203
11.9985,11.5,2,191
11.2349,11.5,1,179
11.3104,11.5,1,166
11.4731,11.5,2,194
11.3882,11.5,1,205
11.907,11.5,1,190
11.2601,11.5,2,175
11.7346,11.5,1,186
11.7,11.5,2,185
11.0694,11.5,2,192
11.6754,11.5,1,196
11.9985,11.5,2,191
11.1226,11.5,2,146
11.7108,11.5,1,142
11.9414,11.5,2,190
11.5089,11.5,1,161
11.6635,11.5,1,130
11.7413,11.5,1,190
11.7674,11.5,1,200
11.9712,11.5,2,181
11.3158,11.5,1,159
11.6021,11.5,2,201
11.1692,11.5,2,175
11.2047,11.5,2,198
11.1362,11.5,1,185
11.0896,11.5,2,177
11.5676,11.5,1,192
11.0456,11.5,1,186
11.692,11.5,2,179
11.0896,11.5,2,184
11.3158,11.5,1,159
11.1145,11.5,1,153
11.9958,11.5,1,173
11.0543,11.5,1,188
11.1281,11.5,1,195
11.733,11.5,2,180
11.6348,11.5,1,207
11.1526,11.5,1,177
11.4647,11.5,2,176
11.4676,11.5,2,198
11.2541,11.5,2,189
11.6844,11.5,1,183
11.6367,11.5,2,189
11.4566,11.5,1,191
11.2127,11.5,2,188
11.8415,11.5,2,195
11.4909,11.5,1,210
11.3612,11.5,2,182
11.9466,11.5,2,208
11.2677,11.5,1,151
11.1828,11.5,2,178
11.721,11.5,2,156
11.7374,11.5,1,179
11.8094,11.5,2,183
11.9331,11.5,2,169
11.3277,11.5,2,195
11.5649,11.5,2,112
11.6553,11.5,2,160
11.5075,11.5,2,142
11.6204,11.5,1,183
11.9221,11.5,2,177
11.9524,11.5,2,150
11.2155,11.5,1,153
11.6644,11.5,1,182
11.5658,11.5,1,197
11.7565,11.5,2,186
11.5007,11.5,2,190
11.1033,11.5,1,197
11.9083,11.5,2,191
11.9083,11.5,2,191
11.1857,11.5,1,198
11.8397,11.5,2,168
11.1142,11.5,2,179
11.5141,11.5,1,190
11.2159,11.5,2,190
11.2079,11.5,2,199
11.6648,11.5,2,144
11.8998,11.5,1,140
11.7629,11.5,2,175
11.432,11.5,2,197
11.7812,11.5,1,189
11.3174,11.5,1,193
11.6844,11.5,1,183
11.1142,11.5,1,178
12.4903,12.5,2,193
12.2503,12.5,2,198
12.6773,12.5,2,195
12.0588,12.5,1,190
12.7941,12.5,1,189
12.0861,12.5,2,205
12.4109,12.5,1,172
12.3192,12.5,1,170
12.1628,12.5,1,188
12.1026,12.5,1,209
12.9914,12.5,1,201
12.9378,12.5,1,181
12.0068,12.5,2,139
12.7842,12.5,2,195
12.3927,12.5,2,192
12.389,12.5,2,208
12.9184,12.5,1,146
12.6861,12.5,2,171
12.8143,12.5,1,152
12.7731,12.5,2,184
12.8967,12.5,1,193
12.0915,12.5,1,204
12.368,12.5,2,200
12.0151,12.5,2,175
12.3206,12.5,1,192
12.5369,12.5,1,175
12.2451,12.5,1,161
12.7614,12.5,1,189
12.5575,12.5,2,191
12.4806,12.5,1,171
12.1603,12.5,1,176
12.8418,12.5,2,191
12.1221,12.5,1,150
12.0862,12.5,1,186
12.6527,12.5,2,201
12.7614,12.5,1,189
12.2645,12.5,1,184
12.4985,12.5,1,167
12.0643,12.5,1,189
12.0069,12.5,2,204
12.4548,12.5,2,184
12.1766,12.5,2,191
12.1687,12.5,2,187
12.5409,12.5,1,159
12.6091,12.5,2,172
12.133,12.5,2,176
12.0085,12.5,1,198
12.0085,12.5,1,198
12.0562,12.5,1,186
12.0003,12.5,1,197
12.1837,12.5,1,207
12.6803,12.5,2,208
12.8297,12.5,2,178
12.1162,12.5,2,198
12.5058,12.5,1,187
12.1,12.5,1,184
12.2727,12.5,1,197
12.0232,12.5,1,192
12.8626,12.5,2,186
12.233,12.5,1,199
12.9378,12.5,1,181
12.1628,12.5,1,188
12.6286,12.5,2,188
12.0082,12.5,1,211
12.9488,12.5,2,178
12.274,12.5,1,201
12.6174,12.5,2,203
12.2727,12.5,1,197
12.0724,12.5,2,194
12.274,12.5,1,201
12.4794,12.5,1,176
12.4192,12.5,1,147
12.6063,12.5,1,160
12.1491,12.5,1,169
12.9996,12.5,1,196
12.1491,12.5,1,169
12.8968,12.5,1,127
12.6203,12.5,1,193
12.0233,12.5,2,178
12.2187,12.5,2,188
12.081,12.5,1,145
12.0589,12.5,2,180
12.9101,12.5,2,196
12.4943,12.5,2,192
12.8065,12.5,1,201
12.5752,12.5,2,187
12.3136,12.5,1,149
12.5202,12.5,2,121
12.6245,12.5,2,196
12.8036,12.5,1,174
12.3206,12.5,1,181
12.8091,12.5,1,207
12.65,12.5,2,177
12.5245,12.5,2,178
12.1189,12.5,1,199
12.953,12.5,1,201
12.9339,12.5,1,197
12.5616,12.5,1,199
12.1,12.5,1,184
12.5373,12.5,1,193
12.3807,12.5,1,190
12.7625,12.5,2,182
12.3954,12.5,2,202
12.6585,12.5,1,193
12.1877,12.5,2,189
12.9886,12.5,2,139
12.5245,12.5,2,178
12.1125,12.5,1,178
12.2968,12.5,1,208
12.2531,12.5,1,171
12.8557,12.5,2,182
12.538,12.5,2,193
12.8728,12.5,2,172
12.4055,12.5,2,199
12.3685,12.5,1,199
12.4548,12.5,2,187
12.296,12.5,2,202
12.5616,12.5,1,199
12.1026,12.5,1,209
12.0068,12.5,2,139
12.5409,12.5,1,159
12.5767,12.5,1,184
12.9953,12.5,1,192
12.7531,12.5,2,177
12.9517,12.5,1,164
12.463,12.5,1,187
12.7159,12.5,2,198
12.8325,12.5,2,198
12.9189,12.5,1,203
12.6887,12.5,1,147
12.4916,12.5,2,175
12.5533,12.5,1,162
12.5409,12.5,1,159
12.108,12.5,2,150
12.2121,12.5,1,144
12.0769,12.5,2,185
12.3326,12.5,1,162
12.6504,12.5,1,122
12.0643,12.5,1,189
12.1903,12.5,2,182
12.9859,12.5,2,171
12.4996,12.5,2,190
12.7448,12.5,2,179
12.6312,12.5,2,191
12.6846,12.5,2,190
12.2262,12.5,2,198
12.5368,12.5,2,187
12.6855,12.5,2,194
12.7379,12.5,2,177
12.3625,12.5,2,200
12.2794,12.5,1,180
12.5626,12.5,1,93
12.0808,12.5,1,207
12.9101,12.5,2,196
12.0003,12.5,1,197
12.1055,12.5,2,211
12.7068,12.5,2,179
12.2712,12.5,1,167
12.5162,12.5,2,185
12.9914,12.5,2,130
12.6245,12.5,2,196
12.7678,12.5,2,169
12.7325,12.5,1,131
12.8091,12.5,1,207
12.715,12.5,2,179
12.3353,12.5,2,187
12.9184,12.5,1,146
12.8033,12.5,1,188
12.5464,12.5,1,126
12.0068,12.5,1,168
12.0797,12.5,2,191
12.1901,12.5,1,160
12.6174,12.5,1,191
12.8334,12.5,1,189
12.8571,12.5,1,189
12.1656,12.5,1,192
12.3807,12.5,1,190
12.9777,12.5,2,199
12.2507,12.5,1,146
12.6942,12.5,1,174
12.9953,12.5,1,192
12.2232,12.5,2,191
12.0961,12.5,2,194
12.765,12.5,2,181
12.3013,12.5,2,178
12.1162,12.5,2,198
12.6175,12.5,1,168
12.7448,12.5,2,179
12.63,12.5,2,166
12.0916,12.5,2,202
12.9203,12.5,2,175
12.7515,12.5,1,195
12.0177,12.5,2,193
12.3736,12.5,1,176
12.7129,12.5,2,146
12.1849,12.5,2,142
12.1028,12.5,2,188
12.8557,12.5,2,182
12.2503,12.5,2,198
12.1219,12.5,1,189
12.7265,12.5,1,202
12.4368,12.5,2,165
12.4092,12.5,1,167
12.2712,12.5,1,167
12.5052,12.5,1,199
12.5464,12.5,1,126
12.1381,12.5,2,138
12.2187,12.5,2,188
12.263,12.5,2,186
12.6175,12.5,1,168
12.1628,12.5,1,205
12.6846,12.5,2,190
12.2012,12.5,1,157
12.516,12.5,1,169
12.2038,12.5,1,174
12.0589,12.5,2,180
12.4259,12.5,2,153
12.6723,12.5,2,150
12.4958,12.5,2,163
12.5615,12.5,1,183
12.0205,12.5,2,157
12.6692,12.5,2,175
12.1535,12.5,1,190
12.3326,12.5,1,162
12.5463,12.5,2,166
12.5288,12.5,1,200
12.0366,12.5,1,182
12.16,12.5,1,182
12.0946,12.5,1,197
12.3051,12.5,2,187
12.9938,12.5,1,193
12.7485,12.5,2,209
12.5517,12.5,2,194
12.1603,12.5,1,176
12.2727,12.5,1,197
12.1821,12.5,2,178
12.3326,12.5,1,162
12.9366,12.5,2,196
12.9844,12.5,2,185
12.2187,12.5,2,188
12.953,12.5,1,201
12.2012,12.5,1,157
12.6502,12.5,2,181
12.1189,12.5,1,199
12.9624,12.5,1,169
12.5463,12.5,2,166
12.3261,12.5,1,176
12.2138,12.5,2,198
12.765,12.5,2,197
12.2727,12.5,1,197
12.5162,12.5,2,185
12.3081,12.5,2,181
12.4082,12.5,1,182
12.1645,12.5,2,205
12.0424,12.5,2,182
12.5373,12.5,1,193
12.0178,12.5,1,183
12.3837,12.5,2,136
12.4119,12.5,2,212
12.037,12.5,1,168
12.8626,12.5,2,186
12.8143,12.5,1,152
12.5656,12.5,1,198
12.4119,12.5,2,212
12.8033,12.5,1,202
12.0643,12.5,1,189
12.3628,12.5,2,210
12.6856,12.5,1,194
12.0562,12.5,1,186
12.2645,12.5,1,184
12.1026,12.5,2,190
12.5901,12.5,2,180
12.9869,12.5,1,185
12.5845,12.5,1,195
12.6585,12.5,1,193
12.3878,12.5,2,194
12.5202,12.5,2,121
12.0178,12.5,1,183
12.1491,12.5,1,169
12.6174,12.5,2,203
12.368,12.5,2,200
12.6856,12.5,1,194
12.4916,12.5,2,175
12.6803,12.5,2,208
12.7614,12.5,1,189
12.9435,12.5,1,173
12.9419,12.5,1,205
12.4245,12.5,2,155
12.1877,12.5,2,189
12.7614,12.5,1,189
12.6063,12.5,1,160
12.8583,12.5,2,210
12.9787,12.5,2,192
12.3111,12.5,2,181
12.5616,12.5,1,199
12.4712,12.5,1,193
12.0988,12.5,2,183
12.6312,12.5,2,191
12.6353,12.5,2,188
12.4548,12.5,2,184
12.6174,12.5,1,191
12.1026,12.5,2,190
12.5533,12.5,1,162
12.4055,12.5,2,199
12.3315,12.5,2,182
12.3111,12.5,2,181
12.1215,12.5,1,198
12.6723,12.5,2,150
12.4338,12.5,1,144
12.8735,12.5,2,196
12.4943,12.5,2,192
12.1933,12.5,1,176
12.8499,12.5,2,197
12.2713,12.5,1,194
12.2095,12.5,1,129
12.7068,12.5,2,179
12.9101,12.5,2,196
12.7257,12.5,1,201
12.0232,12.5,1,192
12.63,12.5,1,160
12.8884,12.5,2,182
12.0082,12.5,1,211
12.4039,12.5,2,162
12.3807,12.5,1,190
12.1219,12.5,1,189
12.3315,12.5,2,182
12.003,12.5,2,194
12.1326,12.5,2,193
12.5752,12.5,2,153
12.5575,12.5,2,191
12.2138,12.5,2,198
12.0961,12.5,2,194
12.3326,12.5,1,162
12.04,12.5,2,181
12.0068,12.5,1,187
12.7159,12.5,2,198
12.3206,12.5,1,192
12.6286,12.5,2,188
12.9022,12.5,2,173
12.715,12.5,2,179
12.1877,12.5,2,189
12.7834,12.5,1,200
12.6884,12.5,1,186
12.1135,12.5,2,106
12.6528,12.5,1,195
12.3818,12.5,1,200
12.3837,12.5,2,136
12.0808,12.5,1,207
12.5616,12.5,1,199
12.8884,12.5,2,182
12.037,12.5,1,168
12.1901,12.5,1,160
12.8799,12.5,2,211
12.5599,12.5,2,187
12.2999,12.5,1,168
12.3837,12.5,2,136
12.2945,12.5,1,174
12.2204,12.5,2,185
12.3054,12.5,2,170
12.1754,12.5,2,161
12.6546,12.5,2,196
12.3111,12.5,2,181
12.5369,12.5,1,175
12.263,12.5,2,186
12.0808,12.5,1,207
12.8198,12.5,1,160
12.6286,12.5,2,188
12.7448,12.5,2,179
12.003,12.5,2,194
12.2832,12.5,1,164
12.4,12.5,2,169
12.1628,12.5,1,188
12.2038,12.5,1,180
12.1837,12.5,1,207
12.2531,12.5,1,171
12.0602,12.5,1,196
12.2329,12.5,1,205
12.6175,12.5,1,168
12.9201,12.5,1,199
12.4192,12.5,1,147
12.8201,12.5,2,188
12.6121,12.5,2,193
12.3205,12.5,1,202
12.4916,12.5,2,175
12.7486,12.5,2,205
12.4493,12.5,1,200
12.3068,12.5,1,191
12.2509,12.5,2,190
12.6858,12.5,2,172
12.7485,12.5,2,209
12.1837,12.5,1,207
12.63,12.5,1,160
12.5533,12.5,1,162
12.0427,12.5,2,151
12.6245,12.5,2,196
12.0915,12.5,2,190
12.3618,12.5,1,172
12.5708,12.5,2,188
12.9914,12.5,2,130
12.6748,12.5,2,163
13.1036,13.5,1,165
13.3594,13.5,2,201
13.8768,13.5,1,207
13.5127,13.5,2,186
13.0282,13.5,2,162
13.1841,13.5,2,176
13.0499,13.5,1,156
13.7563,13.5,2,195
13.3866,13.5,2,183
13.5127,13.5,2,186
13.7124,13.5,1,201
13.4391,13.5,1,208
13.8019,13.5,2,205
13.3866,13.5,2,183
13.9974,13.5,2,199
13.5727,13.5,1,169
13.3319,13.5,1,190
13.1456,13.5,2,207
13.9465,13.5,1,148
13.8456,13.5,2,165
13.7617,13.5,2,143
13.9465,13.5,1,148
13.5555,13.5,2,207
13.4715,13.5,1,200
13.5456,13.5,1,197
13.9151,13.5,1,190
13.8028,13.5,1,138
13.5254,13.5,2,210
13.4414,13.5,1,196
13.8986,13.5,2,203
13.5375,13.5,2,181
13.127,13.5,2,82
13.0881,13.5,2,189
13.5555,13.5,2,207
13.55,13.5,2,200
13.0308,13.5,1,190
13.9643,13.5,1,201
13.94,13.5,2,191
13.4021,13.5,2,176
13.2688,13.5,1,173
13.7617,13.5,2,143
13.2196,13.5,1,136
13.0899,13.5,2,182
13.4769,13.5,1,175
13.1514,13.5,1,208
13.7045,13.5,2,190
13.4336,13.5,1,205
13.6034,13.5,1,89
13.6413,13.5,2,193
13.2992,13.5,2,193
13.4021,13.5,2,176
13.6441,13.5,2,207
13.1408,13.5,2,175
13.2965,13.5,2,166
13.6306,13.5,2,202
13.7307,13.5,2,205
13.8083,13.5,2,184
13.313,13.5,1,212
13.9452,13.5,2,196
13.2308,13.5,1,213
13.1157,13.5,1,174
13.1528,13.5,1,142
13.2581,13.5,2,191
13.3592,13.5,2,190
13.6224,13.5,2,199
13.9264,13.5,2,195
13.4185,13.5,2,179
13.0417,13.5,1,192
13.0215,13.5,2,202
13.0199,13.5,2,195
13.5125,13.5,2,204
13.8191,13.5,1,137
13.9643,13.5,1,201
13.7582,13.5,1,202
13.9014,13.5,2,206
13.9643,13.5,1,201
13.822,13.5,1,178
13.0995,13.5,2,206
13.0856,13.5,2,150
13.0734,13.5,1,191
13.592,13.5,1,196
13.5127,13.5,2,186
13.7225,13.5,2,206
13.9069,13.5,2,186
13.4007,13.5,1,202
13.0417,13.5,1,192
13.3545,13.5,1,193
13.0324,13.5,2,191
13.8456,13.5,2,165
13.1051,13.5,1,191
13.655,13.5,1,188
13.1528,13.5,1,142
13.9233,13.5,2,194
13.5974,13.5,2,180
13.154,13.5,1,211
13.0691,13.5,2,191
13.0857,13.5,2,129
13.2663,13.5,1,139
13.8126,13.5,2,167
13.1432,13.5,2,189
13.6797,13.5,1,197
13.7045,13.5,2,190
13.9442,13.5,1,203
13.1461,13.5,2,210
13.9675,13.5,1,204
13.5252,13.5,2,174
13.7332,13.5,1,158
13.0078,13.5,1,191
13.9465,13.5,1,148
13.3992,13.5,2,177
13.9233,13.5,2,194
13.8412,13.5,2,194
13.1064,13.5,1,182
13.0215,13.5,2,202
13.9643,13.5,1,201
13.6224,13.5,2,199
13.4168,13.5,2,199
13.3583,13.5,2,136
13.0845,13.5,2,165
13.5592,13.5,1,204
13.7691,13.5,1,201
13.6823,13.5,2,180
13.0991,13.5,1,215
13.2308,13.5,1,213
13.0297,13.5,2,181
13.3813,13.5,2,208
13.8275,13.5,2,144
13.5047,13.5,2,189
13.6799,13.5,2,206
13.9428,13.5,1,166
13.4431,13.5,2,164
13.7369,13.5,1,208
13.5254,13.5,2,210
13.6823,13.5,2,180
13.9919,13.5,2,211
13.5993,13.5,2,211
13.5482,13.5,1,180
13.0911,13.5,1,193
13.0255,13.5,1,174
13.9096,13.5,1,191
13.5483,13.5,2,193
13.3789,13.5,1,187
13.1885,13.5,1,203
13.937,13.5,1,201
13.0991,13.5,1,215
13.2992,13.5,2,193
13.0415,13.5,2,214
13.3581,13.5,1,175
13.0845,13.5,2,165
13.2689,13.5,1,151
13.7098,13.5,2,172
13.2281,13.5,2,174
13.5125,13.5,2,204
13.9014,13.5,2,206
13.4745,13.5,2,198
13.5455,13.5,1,169
13.5897,13.5,1,183
13.2691,13.5,2,204
13.9397,13.5,1,205
13.3592,13.5,2,190
13.937,13.5,1,201
13.5963,13.5,1,207
13.1191,13.5,2,193
13.1431,13.5,2,207
13.0363,13.5,1,185
13.4555,13.5,2,201
13.2308,13.5,1,213
13.2936,13.5,1,211
13.6878,13.5,1,170
13.3992,13.5,2,177
13.7891,13.5,1,186
13.4715,13.5,1,200
13.6185,13.5,1,210
13.3583,13.5,2,136
13.3757,13.5,1,196
13.4665,13.5,2,191
13.5854,13.5,1,208
13.4745,13.5,2,198
13.7305,13.5,2,174
13.9921,13.5,2,202
13.7866,13.5,2,191
13.5938,13.5,2,207
13.2798,13.5,2,213
13.2746,13.5,1,208
13.8456,13.5,2,165
13.2021,13.5,2,185
13.031,13.5,2,191
13.2555,13.5,2,206
13.2581,13.5,1,207
13.5344,13.5,2,197
13.9233,13.5,2,194
13.8001,13.5,1,161
13.455,13.5,2,198
13.5483,13.5,2,193
13.027,13.5,2,198
13.5254,13.5,2,210
13.5263,13.5,1,188
13.3241,13.5,2,194
13.6632,13.5,1,199
13.3263,13.5,1,178
13.2735,13.5,1,154
13.5346,13.5,2,192
13.7154,13.5,2,210
13.313,13.5,1,212
13.8001,13.5,1,161
13.3731,13.5,2,206
13.1131,13.5,2,167
13.2735,13.5,1,154
13.9675,13.5,1,204
13.4473,13.5,2,186
13.146,13.5,1,188
13.3594,13.5,2,201
13.0571,13.5,2,197
13.5962,13.5,1,201
13.0871,13.5,1,174
13.4868,13.5,2,196
13.1774,13.5,2,166
13.0407,13.5,1,199
13.3923,13.5,2,196
13.0857,13.5,2,129
13.0078,13.5,1,191
13.7866,13.5,2,191
13.8275,13.5,2,144
13.8768,13.5,1,207
13.9852,13.5,1,204
13.858,13.5,2,172
13.5125,13.5,2,204
13.194,13.5,1,204
13.1431,13.5,2,207
13.844,13.5,2,164
13.9387,13.5,2,193
13.2691,13.5,2,204
13.4991,13.5,1,189
13.1461,13.5,2,210
13.5252,13.5,2,174
13.398,13.5,1,203
13.3145,13.5,1,200
13.6513,13.5,2,204
13.8028,13.5,2,204
13.715,13.5,1,199
13.9921,13.5,2,202
13.0199,13.5,2,195
13.9643,13.5,1,201
13.1596,13.5,1,204
13.4391,13.5,1,208
13.9263,13.5,1,206
13.6951,13.5,2,199
13.1338,13.5,2,140
13.0078,13.5,1,191
13.9921,13.5,2,202
13.0882,13.5,1,184
13.1156,13.5,1,198
13.9455,13.5,1,214
13.4745,13.5,2,198
13.1844,13.5,1,203
13.3866,13.5,2,183
13.1155,13.5,2,178
13.2581,13.5,1,207
13.9014,13.5,2,206
13.5484,13.5,1,192
13.4322,13.5,2,179
13.3828,13.5,2,188
13.7124,13.5,1,201
13.4519,13.5,2,202
13.1501,13.5,2,190
13.5962,13.5,1,201
13.8083,13.5,2,203
13.2992,13.5,2,193
13.7582,13.5,1,202
13.5499,13.5,2,179
13.2281,13.5,2,174
13.0911,13.5,1,180
13.0363,13.5,1,185
13.7837,13.5,2,170
13.4555,13.5,2,201
13.4555,13.5,2,201
13.1774,13.5,2,166
13.684,13.5,2,198
13.0857,13.5,2,180
13.7617,13.5,2,143
13.0064,13.5,2,182
13.7017,13.5,1,200
13.5344,13.5,2,197
13.1338,13.5,1,200
13.9182,13.5,1,189
13.0105,13.5,2,186
13.8684,13.5,2,202
13.127,13.5,2,82
13.5252,13.5,2,174
13.8114,13.5,1,205
13.0667,13.5,2,190
13.5691,13.5,1,188
13.6007,13.5,1,195
13.0899,13.5,2,182
13.4431,13.5,2,164
13.7223,13.5,1,175
13.0544,13.5,2,187
13.2936,13.5,2,185
13.1911,13.5,2,206
13.0078,13.5,1,191
13.0854,13.5,2,153
13.9675,13.5,1,204
13.384,13.5,1,153
13.4542,13.5,1,200
13.2308,13.5,1,213
13.1064,13.5,1,200
13.647,13.5,2,212
13.1528,13.5,1,142
13.9151,13.5,1,190
13.2444,13.5,1,193
13.2936,13.5,2,185
13.0407,13.5,1,199
13.4665,13.5,2,191
13.0667,13.5,2,190
13.5691,13.5,1,188
13.0105,13.5,2,186
13.3619,13.5,1,201
13.3293,13.5,2,186
13.2663,13.5,1,139
13.9675,13.5,1,204
13.9561,13.5,2,180
13.5455,13.5,1,169
13.9264,13.5,2,195
13.6224,13.5,2,199
13.6306,13.5,2,202
13.2689,13.5,2,201
13.127,13.5,2,82
13.0105,13.5,2,186
13.7362,13.5,2,202
13.822,13.5,1,190
13.8702,13.5,1,182
13.6823,13.5,1,201
13.5125,13.5,2,204
13.7826,13.5,1,177
13.8059,13.5,1,206
13.6224,13.5,2,199
13.5812,13.5,2,178
13.6524,13.5,1,197
13.1461,13.5,2,210
13.4896,13.5,2,205
13.0871,13.5,1,174
13.5963,13.5,1,199
13.4414,13.5,1,196
13.4715,13.5,1,200
13.5012,13.5,1,194
13.2936,13.5,1,211
13.9182,13.5,1,189
13.2444,13.5,2,195
13.4414,13.5,1,196
13.0854,13.5,2,153
13.0899,13.5,2,188
13.7617,13.5,2,143
13.8977,13.5,1,209
13.6197,13.5,2,207
13.2278,13.5,2,177
13.6799,13.5,2,206
13.4555,13.5,2,201
13.6166,13.5,2,193
13.5344,13.5,2,197
13.8059,13.5,1,206
13.6632,13.5,1,199
13.2597,13.5,2,189
13.4555,13.5,2,201
13.2281,13.5,2,174
13.8221,13.5,1,213
13.2992,13.5,2,193
13.1813,13.5,1,200
13,13.5,2,208
13.1324,13.5,2,202
13.127,13.5,2,82
13.6632,13.5,1,199
13.7511,13.5,1,182
13.4253,13.5,1,207
13.5565,13.5,2,201
13.9726,13.5,1,178
13.8221,13.5,2,204
13.154,13.5,1,211
13.6321,13.5,1,109
13.2196,13.5,1,136
13.0571,13.5,2,197
13.3592,13.5,2,190
13.4279,13.5,2,177
13.1596,13.5,1,204
13.3992,13.5,2,177
13.6799,13.5,2,206
13.9397,13.5,1,205
13.822,13.5,1,190
13.2689,13.5,2,201
13.0471,13.5,2,197
13.031,13.5,2,191
13.0407,13.5,1,199
13.5962,13.5,1,201
13.5183,13.5,1,197
13.3319,13.5,1,190
13.6705,13.5,1,210
13.8986,13.5,2,203
13.3756,13.5,1,174
13.1803,13.5,2,197
13.7305,13.5,2,174
13.3992,13.5,2,177
14.6431,14.5,2,198
14.2381,14.5,1,185
14.0332,14.5,2,185
14.9682,14.5,1,126
14.8951,14.5,1,208
14.5474,14.5,2,199
14.4014,14.5,2,213
14.7995,14.5,2,152
14.0056,14.5,1,203
14.3203,14.5,1,197
14.5096,14.5,2,206
14.8269,14.5,1,211
14.5998,14.5,1,219
14.7819,14.5,2,173
14.4425,14.5,2,205
14.0331,14.5,2,204
14.2715,14.5,1,154
14.1248,14.5,1,167
14.0332,14.5,2,185
14.1943,14.5,1,184
14.8818,14.5,2,192
14.7527,14.5,2,202
14.2918,14.5,2,174
14.4762,14.5,1,199
14.8861,14.5,1,209
14.5474,14.5,2,199
14.2918,14.5,2,174
14.2903,14.5,2,198
14.6917,14.5,2,197
14.5505,14.5,2,215
14.5639,14.5,1,207
14.4945,14.5,1,190
14.7983,14.5,2,197
14.5282,14.5,1,204
14.2381,14.5,1,209
14.3619,14.5,2,199
14.1451,14.5,1,208
14.1756,14.5,1,194
14.1533,14.5,2,168
14.2411,14.5,1,173
14.9554,14.5,2,193
14.0848,14.5,2,178
14.0466,14.5,1,200
14.7668,14.5,2,204
14.5425,14.5,2,202
14.5135,14.5,1,162
14.178,14.5,2,205
14.3916,14.5,1,201
14.1084,14.5,2,179
14.634,14.5,1,212
14.5474,14.5,2,199
14.3808,14.5,1,207
14.556,14.5,1,216
14.4902,14.5,1,192
14.2409,14.5,2,177
14.3959,14.5,2,199
14.9996,14.5,2,209
14.582,14.5,1,193
14.6131,14.5,2,193
14.2495,14.5,1,211
14.1533,14.5,2,168
14.0381,14.5,2,183
14.192,14.5,2,198
14.9545,14.5,1,194
14.5354,14.5,1,169
14.624,14.5,2,187
14.0742,14.5,1,212
14.5547,14.5,1,197
14.7683,14.5,2,197
14.8818,14.5,2,192
14.2024,14.5,1,200
14.7039,14.5,1,205
14.0546,14.5,2,164
14.4874,14.5,1,190
14.1193,14.5,2,198
14.9639,14.5,1,186
14.8047,14.5,1,138
14.0108,14.5,2,195
14.8314,14.5,1,201
14.9561,14.5,2,202
14.4918,14.5,2,172
14.8869,14.5,1,182
14.0985,14.5,1,145
14.2495,14.5,1,211
14.5135,14.5,1,162
14.2271,14.5,2,192
14.0903,14.5,1,188
14.26,14.5,1,194
14.3286,14.5,1,203
14.5793,14.5,2,213
14.2357,14.5,2,195
14.2918,14.5,2,174
14.5694,14.5,1,202
14.8314,14.5,1,201
14.1646,14.5,1,184
14.5804,14.5,1,202
14.0031,14.5,2,214
14.218,14.5,1,193
14.7966,14.5,2,191
14.8845,14.5,1,203
14.3203,14.5,1,197
14.5505,14.5,2,215
14.6108,14.5,1,216
14.5425,14.5,2,202
14.3258,14.5,1,170
14.4055,14.5,2,210
14.6176,14.5,1,175
14.2437,14.5,2,172
14.2739,14.5,2,205
14.4589,14.5,1,195
14.6431,14.5,2,198
14.0027,14.5,2,185
14.4165,14.5,2,172
14.6942,14.5,1,219
14.0783,14.5,2,206
14.289,14.5,1,168
14.8314,14.5,1,201
14.5505,14.5,2,215
14.3603,14.5,2,176
14.7504,14.5,2,212
14.478,14.5,1,204
14.5227,14.5,2,202
14.7819,14.5,2,173
14.063,14.5,1,181
14.5528,14.5,2,204
14.7364,14.5,1,184
14.2837,14.5,1,184
14.1125,14.5,1,206
14.9573,14.5,2,200
14.6924,14.5,2,184
14.9639,14.5,1,186
14.2411,14.5,1,173
14.0381,14.5,2,183
14.8395,14.5,1,182
14.3367,14.5,1,196
14.9107,14.5,1,211
14.5028,14.5,2,171
14.8047,14.5,1,138
14.208,14.5,1,199
14.6942,14.5,1,219
14.2956,14.5,2,166
14.624,14.5,2,187
14.1533,14.5,2,168
14.2739,14.5,2,205
14.0659,14.5,2,201
14.0027,14.5,2,185
14.385,14.5,1,195
14.4945,14.5,1,190
14.1152,14.5,2,187
14.3589,14.5,2,199
14.3603,14.5,2,207
14.582,14.5,1,193
14.8896,14.5,2,175
14.4178,14.5,1,208
14.1918,14.5,2,189
14.2782,14.5,2,192
14.9639,14.5,1,186
14.2152,14.5,2,206
14.0797,14.5,2,193
14.4327,14.5,1,205
14.1452,14.5,1,202
14.2918,14.5,1,147
14.4178,14.5,1,208
14.385,14.5,1,195
14.9858,14.5,2,155
14.9885,14.5,1,139
14.8896,14.5,2,175
14.8861,14.5,1,209
14.5283,14.5,1,190
14.3589,14.5,2,199
14.9885,14.5,1,139
14.8896,14.5,2,175
14.0645,14.5,1,154
14.9996,14.5,2,209
14.5912,14.5,1,205
14.5912,14.5,1,205
14.7996,14.5,1,192
14.634,14.5,1,191
14.293,14.5,1,204
14.0381,14.5,2,183
14.6733,14.5,1,167
14.4095,14.5,2,191
14.478,14.5,1,204
14.1068,14.5,2,184
14.47,14.5,2,192
14.6459,14.5,2,194
14.6628,14.5,2,189
14.0381,14.5,2,183
14.8734,14.5,1,202
14.7039,14.5,1,205
14.6733,14.5,1,167
14.5028,14.5,2,171
14.9709,14.5,2,197
14.0001,14.5,2,194
14.3122,14.5,1,196
14.0427,14.5,2,201
14.3603,14.5,2,176
14.6462,14.5,2,175
14.8951,14.5,1,208
14.9941,14.5,1,198
14.556,14.5,1,216
14.3672,14.5,1,214
14.9545,14.5,1,194
14.7007,14.5,1,206
14.8047,14.5,1,138
14.8813,14.5,1,206
14.9229,14.5,1,202
14.0278,14.5,1,201
14.9389,14.5,1,191
14.2426,14.5,2,199
14.1193,14.5,2,198
14.2508,14.5,1,215
14.0659,14.5,2,201
14.3619,14.5,2,199
14,14.5,2,196
14.2711,14.5,2,210
14.4489,14.5,1,183
14.0903,14.5,1,188
14.9639,14.5,1,186
14.2357,14.5,2,195
14.4708,14.5,2,191
14.8376,14.5,2,206
14.556,14.5,1,216
14.3367,14.5,1,196
14.5639,14.5,1,207
14.6123,14.5,1,202
14.4653,14.5,1,204
14.3959,14.5,2,199
14.4599,14.5,2,200
14.7527,14.5,2,202
14.385,14.5,1,195
14.1918,14.5,2,189
14.5998,14.5,1,219
14.3749,14.5,1,201
14.3148,14.5,1,200
14.3749,14.5,1,201
14.7791,14.5,1,205
14.9558,14.5,2,199
14.6212,14.5,1,203
14.3886,14.5,2,180
14.4108,14.5,1,194
14.1249,14.5,2,162
14.9229,14.5,1,202
14.4014,14.5,2,213
14.0247,14.5,2,178
14.9334,14.5,2,200
14.0659,14.5,2,201
14.9561,14.5,2,202
14.051,14.5,1,186
14.1646,14.5,1,184
14.5283,14.5,1,190
14.2918,14.5,2,196
14.0656,14.5,1,195
14.9965,14.5,1,192
14.8861,14.5,1,209
14.0427,14.5,2,201
14.3603,14.5,2,207
14.8668,14.5,2,169
14.3672,14.5,1,214
14.3695,14.5,1,207
14.0656,14.5,1,195
14.8047,14.5,1,138
14.6723,14.5,1,211
14.218,14.5,1,193
14.8324,14.5,2,179
14.218,14.5,2,198
14.1285,14.5,2,186
14.9229,14.5,1,202
14.552,14.5,2,183
14.8621,14.5,2,197
14.2217,14.5,1,193
14.7134,14.5,1,211
14.9996,14.5,1,203
14.5121,14.5,2,208
14.1933,14.5,1,201
14.6431,14.5,2,198
14.6313,14.5,1,180
14.4816,14.5,2,197
14.5912,14.5,1,205
14.8347,14.5,1,214
14.0381,14.5,2,183
14.289,14.5,1,168
14.7968,14.5,1,168
14.0278,14.5,1,201
14.8734,14.5,1,202
14.7993,14.5,2,187
14.634,14.5,1,191
14.0031,14.5,2,214
14.634,14.5,1,191
14.7039,14.5,1,205
14.9965,14.5,1,192
14.3722,14.5,2,185
14.6817,14.5,1,185
14.9996,14.5,1,203
14.2928,14.5,2,201
14.2918,14.5,2,196
14.2589,14.5,2,168
14.3603,14.5,2,176
14.1084,14.5,2,179
14.0975,14.5,2,182
14.2426,14.5,2,199
14.2919,14.5,1,216
14.1057,14.5,2,203
14.4111,14.5,2,195
14.6652,14.5,2,165
14.478,14.5,1,204
14.7966,14.5,2,191
14.7308,14.5,2,210
14.3739,14.5,1,206
14.0659,14.5,2,201
14.3859,14.5,2,172
14.7993,14.5,2,187
14.9573,14.5,2,200
14.8323,14.5,2,207
14.26,14.5,2,199
14.1248,14.5,1,167
14.1249,14.5,2,162
14.103,14.5,2,211
14.7301,14.5,1,188
14.4905,14.5,2,205
14.4111,14.5,2,195
14.9545,14.5,1,194
14.3357,14.5,2,200
14.7995,14.5,2,152
14.4945,14.5,2,165
14.649,14.5,1,190
14.6733,14.5,1,167
14.7502,14.5,1,192
14.4125,14.5,2,202
14.3808,14.5,1,207
14.3822,14.5,1,192
14.5135,14.5,1,162
14.6817,14.5,1,185
14.1988,14.5,2,204
14.7983,14.5,2,197
14.656,14.5,2,165
14.4095,14.5,2,191
14.471,14.5,1,167
14.5519,14.5,2,200
14.9858,14.5,2,155
14.9901,14.5,2,162
14.6331,14.5,2,200
14.2411,14.5,1,173
14.8047,14.5,1,138
14.9819,14.5,2,206
14.6176,14.5,1,175
14.2152,14.5,2,206
14.6096,14.5,1,211
14.0975,14.5,2,182
14.8569,14.5,1,209
14.3016,14.5,1,212
14.471,14.5,1,167
14.7966,14.5,1,194
14.8047,14.5,1,138
14.2495,14.5,1,211
14.8861,14.5,1,209
14.6212,14.5,1,203
14.8544,14.5,2,192
14.6123,14.5,1,202
14.7995,14.5,2,152
14.2437,14.5,2,172
14.6096,14.5,1,211
14.9682,14.5,1,126
14.4902,14.5,2,171
14.0056,14.5,1,203
14.1193,14.5,2,198
14.4178,14.5,1,208
14.5694,14.5,1,202
14.2837,14.5,1,184
14.6817,14.5,1,185
14.7301,14.5,1,188
14.7502,14.5,1,192
14.2411,14.5,1,173
14.8896,14.5,2,175
14.5028,14.5,2,205
14.812,14.5,1,211
14.2711,14.5,2,210
14.1671,14.5,1,171
14.8708,14.5,1,210
14.4095,14.5,2,191
14.1451,14.5,2,186
14.8621,14.5,2,197
14.2903,14.5,2,198
14.1972,14.5,1,188
14.6733,14.5,1,167
14.2918,14.5,2,196
14.0906,14.5,1,193
14.9965,14.5,1,192
14.2271,14.5,2,192
14.6331,14.5,2,200
14.8861,14.5,1,209
14.8818,14.5,2,192
14.7602,14.5,1,200
14.0381,14.5,2,183
14.4327,14.5,1,205
14.0001,14.5,2,194
14.3749,14.5,1,201
14.7041,14.5,2,201
14.26,14.5,1,194
14.7007,14.5,1,206
15.1735,15.5,1,205
15.18,15.5,1,208
15.1254,15.5,1,189
15.3502,15.5,1,200
15.2228,15.5,1,180
15.0092,15.5,1,202
15.8195,15.5,2,192
15.9333,15.5,1,209
15.9512,15.5,1,211
15.3195,15.5,1,201
15.3257,15.5,1,201
15.0542,15.5,2,171
15.038,15.5,1,200
15.9784,15.5,1,215
15.6206,15.5,1,195
15.0541,15.5,1,212
15.2456,15.5,1,187
15.0339,15.5,2,199
15.9468,15.5,1,214
15.8771,15.5,1,170
15.0393,15.5,1,172
15.9333,15.5,1,209
15.3717,15.5,1,172
15.8045,15.5,2,191
15.598,15.5,1,201
15.1693,15.5,1,199
15.5442,15.5,2,208
15.2785,15.5,1,195
15.6525,15.5,1,191
15.9264,15.5,1,201
15.2867,15.5,1,187
15.3257,15.5,1,201
15.0052,15.5,1,199
15.0294,15.5,2,194
15.0092,15.5,1,202
15.8752,15.5,2,203
15.9081,15.5,1,213
15.8045,15.5,2,191
15.4188,15.5,1,199
15.3036,15.5,1,207
15.6236,15.5,1,186
15.7278,15.5,1,211
15.428,15.5,1,179
15.4528,15.5,2,195
15.5905,15.5,1,198
15.0393,15.5,1,172
15.8752,15.5,2,203
15.598,15.5,1,201
15.598,15.5,1,201
15.0949,15.5,2,205
15.1693,15.5,1,199
15.0322,15.5,2,182
15.3486,15.5,1,169
15.3267,15.5,2,162
15.322,15.5,2,201
15.6114,15.5,1,190
15.8807,15.5,1,201
15.0322,15.5,2,182
15.0022,15.5,1,191
15.0092,15.5,1,202
15.9959,15.5,1,190
15.0322,15.5,2,182
15.7767,15.5,2,190
15.6251,15.5,2,208
15.3909,15.5,1,197
15.5157,15.5,1,185
15.3387,15.5,1,201
15.2242,15.5,1,198
15.8916,15.5,1,200
15.2173,15.5,2,195
15.9784,15.5,1,215
15.0037,15.5,1,211
15.8743,15.5,2,141
15.2173,15.5,2,195
15.8752,15.5,2,203
15.2649,15.5,1,194
15.9949,15.5,2,201
15.2091,15.5,2,173
15.0092,15.5,1,202
15.0785,15.5,2,201
15.1597,15.5,2,156
15.7278,15.5,1,211
15.2265,15.5,2,207
15.536,15.5,1,196
15.9959,15.5,1,190
15.4419,15.5,2,197
15.3471,15.5,2,199
15.1598,15.5,2,163
15.2571,15.5,2,177
15.692,15.5,1,165
15.6114,15.5,1,190
15.0818,15.5,1,213
15.2265,15.5,2,207
15.1143,15.5,1,184
15.7712,15.5,1,176
15.5853,15.5,2,205
15.6527,15.5,2,210
15.3092,15.5,1,176
15.3092,15.5,1,176
15.9959,15.5,1,190
15.7164,15.5,1,204
15.2812,15.5,1,195
15.1635,15.5,1,212
15.9081,15.5,1,213
15.0785,15.5,2,201
15.4967,15.5,1,210
15.6251,15.5,2,208
15.9512,15.5,1,211
15.3267,15.5,2,162
15.8539,15.5,2,197
15.9081,15.5,1,213
15.0339,15.5,2,199
15.3967,15.5,2,207
15.6315,15.5,2,203
15.1305,15.5,1,208
15.1417,15.5,1,187
15.8752,15.5,2,203
15.428,15.5,1,179
15.9959,15.5,1,190
15.2775,15.5,1,211
15.2894,15.5,2,193
15.3606,15.5,2,179
15.6525,15.5,1,191
15.6251,15.5,2,208
15.6416,15.5,1,205
15.0037,15.5,2,193
15.6429,15.5,2,192
15.4337,15.5,1,211
15.322,15.5,2,201
15.1597,15.5,2,156
15.3036,15.5,1,207
15.1597,15.5,2,156
15.0567,15.5,1,202
15.1305,15.5,1,208
15.5853,15.5,2,205
15.2748,15.5,2,206
15.8743,15.5,2,141
15.0022,15.5,1,191
15.9109,15.5,1,199
15.1597,15.5,2,156
15.5157,15.5,1,185
15.5497,15.5,2,212
15.1417,15.5,1,187
15.5713,15.5,1,150
15.1571,15.5,2,188
15.0366,15.5,2,175
15.428,15.5,1,179
15.164,15.5,1,208
15.8807,15.5,1,201
15.8835,15.5,1,194
15.0567,15.5,1,202
15.8743,15.5,2,141
15.2118,15.5,1,181
15.2118,15.5,1,181
15.0376,15.5,1,204
15.0241,15.5,1,192
15.2265,15.5,2,207
15.3909,15.5,1,197
15.2571,15.5,2,177
15.7164,15.5,1,204
15.2156,15.5,1,205
15.4538,15.5,1,197
15.6429,15.5,2,192
15.2894,15.5,2,193
15.0272,15.5,2,213
15.4474,15.5,1,217
15.361,15.5,2,205
15.5349,15.5,2,196
15.3257,15.5,1,201
15.5266,15.5,1,203
15.6429,15.5,2,192
15.0898,15.5,2,174
15.4188,15.5,1,199
15.7329,15.5,2,196
15.8688,15.5,2,188
15.7278,15.5,1,211
15.1735,15.5,1,205
15.3993,15.5,1,197
15.6866,15.5,2,205
15.6553,15.5,2,185
15.2212,15.5,2,176
15.5349,15.5,2,196
15.9264,15.5,1,201
15.2584,15.5,1,212
15.9109,15.5,1,199
15.1598,15.5,2,192
15.9949,15.5,2,201
15.7278,15.5,1,211
15.0322,15.5,2,182
15.6946,15.5,1,202
15.4281,15.5,1,210
15.451,15.5,1,195
15.1225,15.5,1,183
15.322,15.5,2,201
15.0272,15.5,2,213
15.6317,15.5,2,172
15.1252,15.5,1,196
15.4281,15.5,1,210
15.3993,15.5,1,197
15.6263,15.5,1,211
15.9959,15.5,1,190
15.9439,15.5,1,183
15.6316,15.5,1,201
15.9109,15.5,1,199
15.5605,15.5,1,190
15.0458,15.5,1,188
15.8539,15.5,2,197
15.9439,15.5,1,183
15.9264,15.5,1,201
15.0376,15.5,1,204
15.4474,15.5,1,217
15.2571,15.5,2,177
15.3884,15.5,2,198
15.361,15.5,2,205
15.7429,15.5,1,195
15.8688,15.5,2,188
15.8743,15.5,2,141
15.5157,15.5,1,185
15.2156,15.5,1,205
15.8807,15.5,1,201
15.6251,15.5,2,208
15.3788,15.5,1,204
15.0541,15.5,1,212
15.7164,15.5,1,204
15.1597,15.5,2,156
15.322,15.5,2,201
15.6251,15.5,2,208
15.7629,15.5,1,214
15.2785,15.5,1,195
15.6236,15.5,1,186
15.224,15.5,1,201
15.0321,15.5,2,191
15.3471,15.5,2,199
15.2571,15.5,2,177
15.9468,15.5,1,214
15.001,15.5,2,151
15.2583,15.5,1,211
15.4967,15.5,1,210
15.0749,15.5,2,207
15.4433,15.5,2,180
15.1625,15.5,2,182
15.0239,15.5,1,203
15.3442,15.5,1,208
15.18,15.5,1,208
15.8142,15.5,2,201
15.451,15.5,1,195
15.1843,15.5,1,170
15.2402,15.5,1,207
15.2583,15.5,1,211
15.1571,15.5,2,188
15.9512,15.5,1,211
15.1416,15.5,2,191
15.1416,15.5,2,191
15.2118,15.5,1,181
15.8123,15.5,1,208
15.8233,15.5,2,193
15.3909,15.5,1,197
15.8142,15.5,2,201
15.9439,15.5,1,183
15.2785,15.5,1,195
15.1334,15.5,2,177
15.5497,15.5,2,212
15.9081,15.5,1,213
15.8045,15.5,2,191
15.4646,15.5,1,206
15.9468,15.5,1,214
15.0272,15.5,2,213
15.681,15.5,1,124
15.1215,15.5,2,195
15.3092,15.5,1,176
15.0541,15.5,1,212
15.4337,15.5,1,211
15.1037,15.5,1,186
15.6993,15.5,1,210
15.548,15.5,1,178
15.3471,15.5,2,199
15.3909,15.5,1,197
15.7429,15.5,1,195
15.1855,15.5,1,204
15.0322,15.5,2,182
15.6808,15.5,1,201
15.0542,15.5,2,171
15.2867,15.5,1,187
15.9388,15.5,1,206
15.1855,15.5,1,204
15.2502,15.5,2,186
15.9333,15.5,1,209
15.9109,15.5,1,199
15.0566,15.5,2,192
15.0785,15.5,2,201
15.4593,15.5,1,195
15.9081,15.5,1,206
15.2732,15.5,1,206
15.6316,15.5,1,201
15.514,15.5,1,205
15.5222,15.5,1,184
15.0785,15.5,2,201
15.2265,15.5,2,207
15.8688,15.5,2,188
15.5624,15.5,2,217
15.2785,15.5,1,195
15.5843,15.5,1,208
15.8142,15.5,2,201
15.6673,15.5,2,197
15.6416,15.5,1,205
15.0841,15.5,2,196
15.0037,15.5,1,211
15.7,15.5,2,166
15.2052,15.5,1,174
15.5293,15.5,1,212
15.6673,15.5,2,197
15.0949,15.5,2,205
15.1843,15.5,1,170
15.1417,15.5,1,187
15.7712,15.5,1,176
15.3257,15.5,1,201
15.5624,15.5,2,217
15.3442,15.5,1,208
15.9512,15.5,1,211
15.5843,15.5,1,208
15.3717,15.5,1,172
15.9512,15.5,1,211
15.0037,15.5,2,193
15.451,15.5,1,195
15.451,15.5,1,204
15.2052,15.5,1,174
15.6236,15.5,1,186
15.7264,15.5,1,186
15.7429,15.5,1,195
15.9081,15.5,1,213
15.8123,15.5,1,208
15.3788,15.5,1,204
15.5497,15.5,2,212
15.0818,15.5,1,213
15.0949,15.5,2,205
15.0393,15.5,1,172
15.5157,15.5,1,185
15.9081,15.5,1,206
15.5497,15.5,2,212
15.8835,15.5,1,194
15.6333,15.5,1,197
15.3884,15.5,2,198
15.0037,15.5,1,211
15.2966,15.5,1,196
15.3092,15.5,1,176
15.3267,15.5,2,162
15.9264,15.5,1,201
15.024,15.5,2,147
15.3471,15.5,2,199
15.1417,15.5,1,187
15.4556,15.5,1,208
15.1022,15.5,1,193
15.1598,15.5,2,163
15.3442,15.5,1,208
15.3387,15.5,1,201
15.2075,15.5,2,206
15.6316,15.5,1,201
15.6416,15.5,1,205
15.9264,15.5,1,201
15.1225,15.5,1,183
15.3788,15.5,1,204
15.5704,15.5,2,192
15.6333,15.5,1,197
15.3993,15.5,1,197
15.1305,15.5,1,208
15.1334,15.5,2,177
15.9675,15.5,1,196
15.7629,15.5,1,214
15.0239,15.5,1,203
15.9512,15.5,1,211
15.5704,15.5,2,192
15.4593,15.5,1,195
15.6114,15.5,1,190
15.8045,15.5,2,191
15.3442,15.5,1,208
15.0749,15.5,2,207
15.4593,15.5,1,195
15.3092,15.5,1,176
15.7264,15.5,1,186
15.4801,15.5,1,199
15.3717,15.5,1,172
15.6673,15.5,2,197
15.2785,15.5,1,195
15.6673,15.5,2,197
15.6236,15.5,1,186
15.6608,15.5,1,166
15.1777,15.5,1,208
15.3804,15.5,1,189
15.2118,15.5,1,181
15.5497,15.5,2,212
15.7303,15.5,1,206
15.209,15.5,1,180
15.6207,15.5,2,212
15.1252,15.5,1,196
15.2228,15.5,1,180
15.514,15.5,1,205
15.4456,15.5,1,204
15.5006,15.5,1,198
15.2748,15.5,2,206
15.1335,15.5,2,186
16.6394,16.5,2,206
16.1975,16.5,2,217
16.1683,16.5,1,207
16.2685,16.5,2,187
16.3055,16.5,2,200
16.0359,16.5,2,207
16.5205,16.5,2,205
16.2112,16.5,2,209
16.0919,16.5,2,207
16.5479,16.5,2,197
16.1825,16.5,2,196
16.1755,16.5,1,182
16.7545,16.5,1,221
16.2777,16.5,1,209
16.0408,16.5,2,191
16.7752,16.5,2,188
16.0097,16.5,1,199
16.5945,16.5,1,205
16.99,16.5,2,206
16.5479,16.5,2,197
16.598,16.5,1,194
16.4273,16.5,1,210
16.0915,16.5,2,205
16.0868,16.5,2,209
16.4584,16.5,2,205
16.4438,16.5,2,196
16.1825,16.5,2,196
16.7752,16.5,2,188
16.5205,16.5,2,205
16.2477,16.5,1,175
16.075,16.5,2,204
16.0606,16.5,1,208
16.9952,16.5,1,157
16.4584,16.5,2,205
16.9874,16.5,1,189
16.0774,16.5,1,188
16.5711,16.5,1,210
16.2783,16.5,2,200
16.4999,16.5,1,197
16.6109,16.5,2,201
16.6354,16.5,1,191
16.5903,16.5,1,187
16.0408,16.5,2,191
16.0031,16.5,2,195
16.3562,16.5,2,195
16.5945,16.5,1,205
16.3846,16.5,2,201
16.5205,16.5,2,205
16.5205,16.5,2,205
16.0774,16.5,1,188
16.5984,16.5,1,206
16.0012,16.5,1,215
16.5711,16.5,1,210
16.2832,16.5,2,204
16.7861,16.5,2,165
16.0972,16.5,1,184
16.2112,16.5,2,209
16.2275,16.5,2,201
16.0567,16.5,1,213
16.6724,16.5,1,198
16.2576,16.5,2,199
16.0852,16.5,1,200
16.5945,16.5,1,205
16.0687,16.5,2,184
16.2933,16.5,1,191
16.4848,16.5,1,198
16.0774,16.5,1,188
16.4832,16.5,2,193
16.1328,16.5,2,129
16.0868,16.5,2,209
16.3792,16.5,1,200
16.99,16.5,2,206
16.0408,16.5,2,191
16.4479,16.5,2,199
16.1755,16.5,1,182
16.5158,16.5,1,213
16.0359,16.5,2,207
16.0919,16.5,2,207
16.2139,16.5,1,203
16.2576,16.5,2,199
16.0943,16.5,1,202
16.9874,16.5,1,189
16.7395,16.5,1,206
16.1024,16.5,1,195
16.0387,16.5,2,169
16.2751,16.5,2,189
16.2777,16.5,1,209
16.1024,16.5,1,195
16.7752,16.5,2,188
16.3562,16.5,2,195
16.1825,16.5,2,196
16.2339,16.5,1,206
16.0031,16.5,2,195
16.2777,16.5,1,209
16.2783,16.5,2,200
16.5158,16.5,1,213
16.5903,16.5,1,187
16.7522,16.5,2,202
16.5902,16.5,2,202
16.2783,16.5,2,200
16.3846,16.5,1,162
16.7177,16.5,1,184
16.2275,16.5,2,201
16.7861,16.5,2,165
16.1024,16.5,1,195
16.0943,16.5,1,202
16.2495,16.5,2,205
16.2339,16.5,1,206
16.5205,16.5,2,205
16.7395,16.5,1,206
16.2777,16.5,1,209
16.1491,16.5,1,188
16.6724,16.5,1,198
16.0387,16.5,2,169
16.0606,16.5,1,208
16.014,16.5,2,203
16.238,16.5,1,202
16.1975,16.5,2,217
16.1847,16.5,2,187
16.371,16.5,1,207
16.0441,16.5,1,153
16.0606,16.5,1,208
16.4175,16.5,2,199
16.5158,16.5,1,213
16.0972,16.5,1,184
16.5903,16.5,1,187
16.9818,16.5,1,209
16.371,16.5,1,207
16.598,16.5,1,194
16.7341,16.5,1,201
16.4438,16.5,2,196
16.9952,16.5,1,157
16.0919,16.5,2,207
16.2832,16.5,2,204
16.1975,16.5,2,217
16.99,16.5,2,206
16.2832,16.5,2,204
16.2933,16.5,1,191
16.0012,16.5,1,215
16.0369,16.5,2,203
16.7545,16.5,1,221
16.4175,16.5,2,199
16.3792,16.5,1,200
16.2139,16.5,1,203
16.5205,16.5,2,205
16.1491,16.5,1,188
16.3846,16.5,2,201
16.1328,16.5,2,129
16.4438,16.5,2,196
16.7395,16.5,1,206
16.0852,16.5,1,200
16.0387,16.5,2,169
16.2936,16.5,1,195
16.9952,16.5,1,157
16.7341,16.5,1,201
16.7395,16.5,1,206
16.014,16.5,2,203
16.5903,16.5,1,187
16.4556,16.5,2,203
16.6766,16.5,2,198
16.5903,16.5,1,187
16.4175,16.5,2,199
16.1591,16.5,1,201
16.6109,16.5,2,201
16.2783,16.5,2,200
16.8859,16.5,2,202
16.0606,16.5,1,208
16.9874,16.5,1,189
16.4273,16.5,1,210
16.3846,16.5,2,201
16.4083,16.5,2,154
16.7177,16.5,1,184
16.2576,16.5,2,199
16.0097,16.5,1,199
16.6903,16.5,2,200
16.2777,16.5,1,209
16.0774,16.5,1,188
16.1975,16.5,2,217
16.1755,16.5,1,182
16.5205,16.5,2,205
16.7177,16.5,1,184
16.4556,16.5,2,203
16.4832,16.5,2,193
16.0852,16.5,1,200
16.2936,16.5,1,195
16.6394,16.5,2,206
16.7861,16.5,2,165
16.4766,16.5,2,186
16.99,16.5,2,206
16.5205,16.5,2,205
16.2751,16.5,2,189
16.4083,16.5,2,154
16.5158,16.5,1,213
16.0915,16.5,2,205
16.3562,16.5,2,195
16.371,16.5,1,207
16.7177,16.5,1,184
16.9874,16.5,1,189
16.1847,16.5,2,187
16.2112,16.5,2,209
16.5711,16.5,1,210
16.1683,16.5,1,207
16.2339,16.5,1,206
16.0972,16.5,1,184
16.5902,16.5,2,202
16.7861,16.5,2,165
16.0097,16.5,1,199
16.0509,16.5,2,197
16.0972,16.5,1,184
16.2832,16.5,2,204
16.2777,16.5,1,209
16.014,16.5,2,203
16.5711,16.5,1,210
16.1382,16.5,1,190
16.6876,16.5,2,196
16.4999,16.5,1,197
16.0972,16.5,1,184
16.4848,16.5,1,198
16.238,16.5,1,202
16.4175,16.5,2,199
16.4999,16.5,1,197
16.6724,16.5,1,198
16.6354,16.5,1,191
16.6394,16.5,2,206
16.5902,16.5,2,202
16.1847,16.5,2,187
16.0972,16.5,1,184
16.0012,16.5,1,215
16.7752,16.5,2,188
16.9952,16.5,1,157
16.2933,16.5,1,191
16.5902,16.5,2,202
16.1024,16.5,1,195
16.0012,16.5,1,215
16.1328,16.5,2,129
16.9874,16.5,1,189
16.0509,16.5,2,197
16.3846,16.5,1,162
16.0972,16.5,1,184
16.0097,16.5,1,199
16.371,16.5,1,207
16.4438,16.5,2,196
16.7395,16.5,1,206
16.4479,16.5,2,199
16.2275,16.5,2,201
16.548,16.5,1,205
16.598,16.5,1,194
16.4083,16.5,2,154
16.4584,16.5,2,205
16.2139,16.5,1,203
16.4479,16.5,2,199
16.2933,16.5,1,191
16.1825,16.5,2,196
16.0988,16.5,1,211
16.6109,16.5,2,201
16.4479,16.5,2,199
16.0852,16.5,1,200
16.3055,16.5,2,200
16.4766,16.5,2,186
16.6354,16.5,1,191
16.5711,16.5,1,210
16.7522,16.5,2,202
16.548,16.5,1,205
16.7395,16.5,1,206
16.7395,16.5,1,206
16.6394,16.5,2,206
16.5479,16.5,2,197
16.7861,16.5,2,165
16.6903,16.5,2,200
16.9874,16.5,1,189
16.0031,16.5,2,195
16.2495,16.5,2,205
16.5479,16.5,2,197
16.6766,16.5,2,198
16.0369,16.5,2,203
16.2751,16.5,2,189
16.4848,16.5,1,198
16.0943,16.5,1,202
16.0687,16.5,2,184
16.0774,16.5,1,188
16.0369,16.5,2,203
16.371,16.5,1,207
16.4766,16.5,2,186
16.6354,16.5,1,191
16.238,16.5,1,202
16.1024,16.5,1,195
16.1755,16.5,1,182
16.6876,16.5,2,196
16.7408,16.5,1,211
16.0606,16.5,1,208
16.2777,16.5,1,209
16.4584,16.5,2,205
16.1024,16.5,1,195
16.0606,16.5,1,208
16.4273,16.5,1,210
16.075,16.5,2,204
16.1825,16.5,2,196
16.5984,16.5,1,206
16.0441,16.5,1,153
16.6423,16.5,1,203
16.4999,16.5,1,197
16.5984,16.5,1,206
16.0919,16.5,2,207
16.4479,16.5,2,199
16.1591,16.5,1,201
16.2832,16.5,2,204
16.0441,16.5,1,153
16.8859,16.5,2,202
16.3846,16.5,1,162
16.7177,16.5,1,184
16.5479,16.5,2,197
16.2783,16.5,2,200
16.9074,16.5,2,195
16.0509,16.5,2,197
16.2339,16.5,1,206
16.9818,16.5,1,209
16.6423,16.5,1,203
16.2685,16.5,2,187
16.0852,16.5,1,200
16.2339,16.5,1,206
16.6766,16.5,2,198
16.2685,16.5,2,187
16.2777,16.5,1,209
16.5205,16.5,2,205
16.8558,16.5,1,209
16.4438,16.5,2,196
16.3792,16.5,1,200
16.0206,16.5,2,196
16.4999,16.5,1,197
16.0012,16.5,1,215
16.8859,16.5,2,202
16.1024,16.5,1,195
16.4584,16.5,2,205
16.371,16.5,1,207
16.99,16.5,2,206
16.0915,16.5,2,205
16.0774,16.5,1,188
16.222,16.5,2,177
16.5158,16.5,1,213
16.9818,16.5,1,209
16.4479,16.5,2,199
16.3846,16.5,2,201
16.0567,16.5,1,213
16.9874,16.5,1,189
16.0509,16.5,2,197
16.4273,16.5,1,210
16.2275,16.5,2,201
16.2275,16.5,2,201
16.2936,16.5,1,195
16.2112,16.5,2,209
16.7752,16.5,2,188
16.6423,16.5,1,203
16.6109,16.5,2,201
16.2777,16.5,1,209
16.7395,16.5,1,206
16.0868,16.5,2,209
16.238,16.5,1,202
16.3792,16.5,1,200
16.0687,16.5,2,184
16.2477,16.5,1,175
16.6354,16.5,1,191
16.2477,16.5,1,175
16.5984,16.5,1,206
16.1591,16.5,1,201
16.7395,16.5,1,206
16.4556,16.5,2,203
16.7406,16.5,1,194
16.2112,16.5,2,209
16.2139,16.5,1,203
16.0567,16.5,1,213
16.7341,16.5,1,201
16.2783,16.5,2,200
16.4584,16.5,2,205
16.6354,16.5,1,191
16.6394,16.5,2,206
16.99,16.5,2,206
16.0868,16.5,2,209
16.5711,16.5,1,210
16.5158,16.5,1,213
16.6394,16.5,2,206
16.0868,16.5,2,209
16.0206,16.5,2,196
16.2832,16.5,2,204
16.598,16.5,1,194
16.5479,16.5,2,197
16.9952,16.5,1,157
16.1975,16.5,2,217
16.5711,16.5,1,210
16.3792,16.5,1,200
16.6423,16.5,1,203
16.1382,16.5,1,190
16.0915,16.5,2,205
16.2477,16.5,1,175
16.0915,16.5,2,205
16.5479,16.5,2,197
16.2339,16.5,1,206
16.6394,16.5,2,206
16.5158,16.5,1,213
16.2933,16.5,1,191
16.0919,16.5,2,207
